Workbook
Name SizesForSearch: 'Списки поиска'!$A$1:$A$85

Sheet Поиск параметров
A1: ПОИСК ПАРАМЕТРОВ
B4: 1. Источник данных | D4: 1ST
B5: 2. Размер Size | D5: 175/65R14
B6: 3. Текст заголовка первой строки (например: Size, Code, Mass)
B8: Найдено параметров | D8: =SUM('Каталог поиска'!E2:E998) -> 535
A9: Выберите 1ST или 2ST, затем Size. Введите часть названия в D6; пустое поле показывает все заголовки первой строки. Среднее и количество заполняются только для расчётных числовых параметров. Регистр букв не важен.
A12: № | B12: Параметр | C12: Столбец | D12: Среднее | E12: Числовых значений
A13: =IF(F13="","",1) -> 1 | B13: =IF($F13="","",INDEX('Каталог поиска'!$B$2:$B$998,$F13)) -> Building Size | C13: =IF($F13="","",INDEX('Каталог поиска'!$C$2:$C$998,$F13)) -> A | D13: =IF(OR($F13="",E13=0,INDEX('Каталог поиска'!$D$2:$D$998,$F13)=0),"",IFERROR(INDEX('По размерам'!$A$2:$TY$86,MATCH($D$5,'По размерам'!$A$2:$A$86,0),INDEX('Каталог поиска'!$D$2:$D$998,$F13)),"")) | E13: =IF(OR($F13="",INDEX('Каталог поиска'!$D$2:$D$998,$F13)=0),"",IFERROR(INDEX('Количество значений'!$A$2:$TY$86,MATCH($D$5,'Количество значений'!$A$2:$A$86,0),INDEX('Каталог поиска'!$D$2:$D$998,$F13)),"")) | F13: =IFERROR(MATCH(1,'Каталог поиска'!$F$2:$F$998,0),"") -> 1
A14: =IF(F14="","",2) -> 2 | B14: =IF($F14="","",INDEX('Каталог поиска'!$B$2:$B$998,$F14)) -> Revision No | C14: =IF($F14="","",INDEX('Каталог поиска'!$C$2:$C$998,$F14)) -> B | D14: =IF(OR($F14="",E14=0,INDEX('Каталог поиска'!$D$2:$D$998,$F14)=0),"",IFERROR(INDEX('По размерам'!$A$2:$TY$86,MATCH($D$5,'По размерам'!$A$2:$A$86,0),INDEX('Каталог поиска'!$D$2:$D$998,$F14)),"")) | E14: =IF(OR($F14="",INDEX('Каталог поиска'!$D$2:$D$998,$F14)=0),"",IFERROR(INDEX('Количество значений'!$A$2:$TY$86,MATCH($D$5,'Количество значений'!$A$2:$A$86,0),INDEX('Каталог поиска'!$D$2:$D$998,$F14)),"")) | F14: =IFERROR(MATCH(2,'Каталог поиска'!$F$2:$F$998,0),"") -> 2
A15: =IF(F15="","",3) -> 3 | B15: =IF($F15="","",INDEX('Каталог поиска'!$B$2:$B$998,$F15)) -> APPROVE STATE | C15: =IF($F15="","",INDEX('Каталог поиска'!$C$2:$C$998,$F15)) -> C | D15: =IF(OR($F15="",E15=0,INDEX('Каталог поиска'!$D$2:$D$998,$F15)=0),"",IFERROR(INDEX('По размерам'!$A$2:$TY$86,MATCH($D$5,'По размерам'!$A$2:$A$86,0),INDEX('Каталог поиска'!$D$2:$D$998,$F15)),"")) | E15: =IF(OR($F15="",INDEX('Каталог поиска'!$D$2:$D$998,$F15)=0),"",IFERROR(INDEX('Количество значений'!$A$2:$TY$86,MATCH($D$5,'Количество значений'!$A$2:$A$86,0),INDEX('Каталог поиска'!$D$2:$D$998,$F15)),"")) | F15: =IFERROR(MATCH(3,'Каталог поиска'!$F$2:$F$998,0),"") -> 3
A16: =IF(F16="","",4) -> 4 | B16: =IF($F16="","",INDEX('Каталог поиска'!$B$2:$B$998,$F16)) -> Issue date | C16: =IF($F16="","",INDEX('Каталог поиска'!$C$2:$C$998,$F16)) -> D | D16: =IF(OR($F16="",E16=0,INDEX('Каталог поиска'!$D$2:$D$998,$F16)=0),"",IFERROR(INDEX('По размерам'!$A$2:$TY$86,MATCH($D$5,'По размерам'!$A$2:$A$86,0),INDEX('Каталог поиска'!$D$2:$D$998,$F16)),"")) | E16: =IF(OR($F16="",INDEX('Каталог поиска'!$D$2:$D$998,$F16)=0),"",IFERROR(INDEX('Количество значений'!$A$2:$TY$86,MATCH($D$5,'Количество значений'!$A$2:$A$86,0),INDEX('Каталог поиска'!$D$2:$D$998,$F16)),"")) | F16: =IFERROR(MATCH(4,'Каталог поиска'!$F$2:$F$998,0),"") -> 4
A17: =IF(F17="","",5) -> 5 | B17: =IF($F17="","",INDEX('Каталог поиска'!$B$2:$B$998,$F17)) -> Application date | C17: =IF($F17="","",INDEX('Каталог поиска'!$C$2:$C$998,$F17)) -> E | D17: =IF(OR($F17="",E17=0,INDEX('Каталог поиска'!$D$2:$D$998,$F17)=0),"",IFERROR(INDEX('По размерам'!$A$2:$TY$86,MATCH($D$5,'По размерам'!$A$2:$A$86,0),INDEX('Каталог поиска'!$D$2:$D$998,$F17)),"")) | E17: =IF(OR($F17="",INDEX('Каталог поиска'!$D$2:$D$998,$F17)=0),"",IFERROR(INDEX('Количество значений'!$A$2:$TY$86,MATCH($D$5,'Количество значений'!$A$2:$A$86,0),INDEX('Каталог поиска'!$D$2:$D$998,$F17)),"")) | F17: =IFERROR(MATCH(5,'Каталог поиска'!$F$2:$F$998,0),"") -> 5
A18: =IF(F18="","",6) -> 6 | B18: =IF($F18="","",INDEX('Каталог поиска'!$B$2:$B$998,$F18)) -> Issue reason | C18: =IF($F18="","",INDEX('Каталог поиска'!$C$2:$C$998,$F18)) -> F | D18: =IF(OR($F18="",E18=0,INDEX('Каталог поиска'!$D$2:$D$998,$F18)=0),"",IFERROR(INDEX('По размерам'!$A$2:$TY$86,MATCH($D$5,'По размерам'!$A$2:$A$86,0),INDEX('Каталог поиска'!$D$2:$D$998,$F18)),"")) | E18: =IF(OR($F18="",INDEX('Каталог поиска'!$D$2:$D$998,$F18)=0),"",IFERROR(INDEX('Количество значений'!$A$2:$TY$86,MATCH($D$5,'Количество значений'!$A$2:$A$86,0),INDEX('Каталог поиска'!$D$2:$D$998,$F18)),"")) | F18: =IFERROR(MATCH(6,'Каталог поиска'!$F$2:$F$998,0),"") -> 6
A19: =IF(F19="","",7) -> 7 | B19: =IF($F19="","",INDEX('Каталог поиска'!$B$2:$B$998,$F19)) -> Engineer | C19: =IF($F19="","",INDEX('Каталог поиска'!$C$2:$C$998,$F19)) -> G | D19: =IF(OR($F19="",E19=0,INDEX('Каталог поиска'!$D$2:$D$998,$F19)=0),"",IFERROR(INDEX('По размерам'!$A$2:$TY$86,MATCH($D$5,'По размерам'!$A$2:$A$86,0),INDEX('Каталог поиска'!$D$2:$D$998,$F19)),"")) | E19: =IF(OR($F19="",INDEX('Каталог поиска'!$D$2:$D$998,$F19)=0),"",IFERROR(INDEX('Количество значений'!$A$2:$TY$86,MATCH($D$5,'Количество значений'!$A$2:$A$86,0),INDEX('Каталог поиска'!$D$2:$D$998,$F19)),"")) | F19: =IFERROR(MATCH(7,'Каталог поиска'!$F$2:$F$998,0),"") -> 7
A20: =IF(F20="","",8) -> 8 | B20: =IF($F20="","",INDEX('Каталог поиска'!$B$2:$B$998,$F20)) -> Checked by | C20: =IF($F20="","",INDEX('Каталог поиска'!$C$2:$C$998,$F20)) -> H | D20: =IF(OR($F20="",E20=0,INDEX('Каталог поиска'!$D$2:$D$998,$F20)=0),"",IFERROR(INDEX('По размерам'!$A$2:$TY$86,MATCH($D$5,'По размерам'!$A$2:$A$86,0),INDEX('Каталог поиска'!$D$2:$D$998,$F20)),"")) | E20: =IF(OR($F20="",INDEX('Каталог поиска'!$D$2:$D$998,$F20)=0),"",IFERROR(INDEX('Количество значений'!$A$2:$TY$86,MATCH($D$5,'Количество значений'!$A$2:$A$86,0),INDEX('Каталог поиска'!$D$2:$D$998,$F20)),"")) | F20: =IFERROR(MATCH(8,'Каталог поиска'!$F$2:$F$998,0),"") -> 8
A21: =IF(F21="","",9) -> 9 | B21: =IF($F21="","",INDEX('Каталог поиска'!$B$2:$B$998,$F21)) -> Checked by DSC/SC | C21: =IF($F21="","",INDEX('Каталог поиска'!$C$2:$C$998,$F21)) -> I | D21: =IF(OR($F21="",E21=0,INDEX('Каталог поиска'!$D$2:$D$998,$F21)=0),"",IFERROR(INDEX('По размерам'!$A$2:$TY$86,MATCH($D$5,'По размерам'!$A$2:$A$86,0),INDEX('Каталог поиска'!$D$2:$D$998,$F21)),"")) | E21: =IF(OR($F21="",INDEX('Каталог поиска'!$D$2:$D$998,$F21)=0),"",IFERROR(INDEX('Количество значений'!$A$2:$TY$86,MATCH($D$5,'Количество значений'!$A$2:$A$86,0),INDEX('Каталог поиска'!$D$2:$D$998,$F21)),"")) | F21: =IFERROR(MATCH(9,'Каталог поиска'!$F$2:$F$998,0),"") -> 9
A22: =IF(F22="","",10) -> 10 | B22: =IF($F22="","",INDEX('Каталог поиска'!$B$2:$B$998,$F22)) -> Approved by | C22: =IF($F22="","",INDEX('Каталог поиска'!$C$2:$C$998,$F22)) -> J | D22: =IF(OR($F22="",E22=0,INDEX('Каталог поиска'!$D$2:$D$998,$F22)=0),"",IFERROR(INDEX('По размерам'!$A$2:$TY$86,MATCH($D$5,'По размерам'!$A$2:$A$86,0),INDEX('Каталог поиска'!$D$2:$D$998,$F22)),"")) | E22: =IF(OR($F22="",INDEX('Каталог поиска'!$D$2:$D$998,$F22)=0),"",IFERROR(INDEX('Количество значений'!$A$2:$TY$86,MATCH($D$5,'Количество значений'!$A$2:$A$86,0),INDEX('Каталог поиска'!$D$2:$D$998,$F22)),"")) | F22: =IFERROR(MATCH(10,'Каталог поиска'!$F$2:$F$998,0),"") -> 10
A23: =IF(F23="","",11) -> 11 | B23: =IF($F23="","",INDEX('Каталог поиска'!$B$2:$B$998,$F23)) -> Process code No. | C23: =IF($F23="","",INDEX('Каталог поиска'!$C$2:$C$998,$F23)) -> K | D23: =IF(OR($F23="",E23=0,INDEX('Каталог поиска'!$D$2:$D$998,$F23)=0),"",IFERROR(INDEX('По размерам'!$A$2:$TY$86,MATCH($D$5,'По размерам'!$A$2:$A$86,0),INDEX('Каталог поиска'!$D$2:$D$998,$F23)),"")) | E23: =IF(OR($F23="",INDEX('Каталог поиска'!$D$2:$D$998,$F23)=0),"",IFERROR(INDEX('Количество значений'!$A$2:$TY$86,MATCH($D$5,'Количество значений'!$A$2:$A$86,0),INDEX('Каталог поиска'!$D$2:$D$998,$F23)),"")) | F23: =IFERROR(MATCH(11,'Каталог поиска'!$F$2:$F$998,0),"") -> 11
A24: =IF(F24="","",12) -> 12 | B24: =IF($F24="","",INDEX('Каталог поиска'!$B$2:$B$998,$F24)) -> CPU No. | C24: =IF($F24="","",INDEX('Каталог поиска'!$C$2:$C$998,$F24)) -> L | D24: =IF(OR($F24="",E24=0,INDEX('Каталог поиска'!$D$2:$D$998,$F24)=0),"",IFERROR(INDEX('По размерам'!$A$2:$TY$86,MATCH($D$5,'По размерам'!$A$2:$A$86,0),INDEX('Каталог поиска'!$D$2:$D$998,$F24)),"")) | E24: =IF(OR($F24="",INDEX('Каталог поиска'!$D$2:$D$998,$F24)=0),"",IFERROR(INDEX('Количество значений'!$A$2:$TY$86,MATCH($D$5,'Количество значений'!$A$2:$A$86,0),INDEX('Каталог поиска'!$D$2:$D$998,$F24)),"")) | F24: =IFERROR(MATCH(12,'Каталог поиска'!$F$2:$F$998,0),"") -> 12
A25: =IF(F25="","",13) -> 13 | B25: =IF($F25="","",INDEX('Каталог поиска'!$B$2:$B$998,$F25)) -> Deletion No. | C25: =IF($F25="","",INDEX('Каталог поиска'!$C$2:$C$998,$F25)) -> M | D25: =IF(OR($F25="",E25=0,INDEX('Каталог поиска'!$D$2:$D$998,$F25)=0),"",IFERROR(INDEX('По размерам'!$A$2:$TY$86,MATCH($D$5,'По размерам'!$A$2:$A$86,0),INDEX('Каталог поиска'!$D$2:$D$998,$F25)),"")) | E25: =IF(OR($F25="",INDEX('Каталог поиска'!$D$2:$D$998,$F25)=0),"",IFERROR(INDEX('Количество значений'!$A$2:$TY$86,MATCH($D$5,'Количество значений'!$A$2:$A$86,0),INDEX('Каталог поиска'!$D$2:$D$998,$F25)),"")) | F25: =IFERROR(MATCH(13,'Каталог поиска'!$F$2:$F$998,0),"") -> 13
A26: =IF(F26="","",14) -> 14 | B26: =IF($F26="","",INDEX('Каталог поиска'!$B$2:$B$998,$F26)) -> Production M/C | C26: =IF($F26="","",INDEX('Каталог поиска'!$C$2:$C$998,$F26)) -> N | D26: =IF(OR($F26="",E26=0,INDEX('Каталог поиска'!$D$2:$D$998,$F26)=0),"",IFERROR(INDEX('По размерам'!$A$2:$TY$86,MATCH($D$5,'По размерам'!$A$2:$A$86,0),INDEX('Каталог поиска'!$D$2:$D$998,$F26)),"")) | E26: =IF(OR($F26="",INDEX('Каталог поиска'!$D$2:$D$998,$F26)=0),"",IFERROR(INDEX('Количество значений'!$A$2:$TY$86,MATCH($D$5,'Количество значений'!$A$2:$A$86,0),INDEX('Каталог поиска'!$D$2:$D$998,$F26)),"")) | F26: =IFERROR(MATCH(14,'Каталог поиска'!$F$2:$F$998,0),"") -> 14
A27: =IF(F27="","",15) -> 15 | B27: =IF($F27="","",INDEX('Каталог поиска'!$B$2:$B$998,$F27)) -> Production type | C27: =IF($F27="","",INDEX('Каталог поиска'!$C$2:$C$998,$F27)) -> O | D27: =IF(OR($F27="",E27=0,INDEX('Каталог поиска'!$D$2:$D$998,$F27)=0),"",IFERROR(INDEX('По размерам'!$A$2:$TY$86,MATCH($D$5,'По размерам'!$A$2:$A$86,0),INDEX('Каталог поиска'!$D$2:$D$998,$F27)),"")) | E27: =IF(OR($F27="",INDEX('Каталог поиска'!$D$2:$D$998,$F27)=0),"",IFERROR(INDEX('Количество значений'!$A$2:$TY$86,MATCH($D$5,'Количество значений'!$A$2:$A$86,0),INDEX('Каталог поиска'!$D$2:$D$998,$F27)),"")) | F27: =IFERROR(MATCH(15,'Каталог поиска'!$F$2:$F$998,0),"") -> 15
A28: =IF(F28="","",16) -> 16 | B28: =IF($F28="","",INDEX('Каталог поиска'!$B$2:$B$998,$F28)) -> Trial type | C28: =IF($F28="","",INDEX('Каталог поиска'!$C$2:$C$998,$F28)) -> P | D28: =IF(OR($F28="",E28=0,INDEX('Каталог поиска'!$D$2:$D$998,$F28)=0),"",IFERROR(INDEX('По размерам'!$A$2:$TY$86,MATCH($D$5,'По размерам'!$A$2:$A$86,0),INDEX('Каталог поиска'!$D$2:$D$998,$F28)),"")) | E28: =IF(OR($F28="",INDEX('Каталог поиска'!$D$2:$D$998,$F28)=0),"",IFERROR(INDEX('Количество значений'!$A$2:$TY$86,MATCH($D$5,'Количество значений'!$A$2:$A$86,0),INDEX('Каталог поиска'!$D$2:$D$998,$F28)),"")) | F28: =IFERROR(MATCH(16,'Каталог поиска'!$F$2:$F$998,0),"") -> 16
A29: =IF(F29="","",17) -> 17 | B29: =IF($F29="","",INDEX('Каталог поиска'!$B$2:$B$998,$F29)) -> 2nd production code | C29: =IF($F29="","",INDEX('Каталог поиска'!$C$2:$C$998,$F29)) -> Q | D29: =IF(OR($F29="",E29=0,INDEX('Каталог поиска'!$D$2:$D$998,$F29)=0),"",IFERROR(INDEX('По размерам'!$A$2:$TY$86,MATCH($D$5,'По размерам'!$A$2:$A$86,0),INDEX('Каталог поиска'!$D$2:$D$998,$F29)),"")) | E29: =IF(OR($F29="",INDEX('Каталог поиска'!$D$2:$D$998,$F29)=0),"",IFERROR(INDEX('Количество значений'!$A$2:$TY$86,MATCH($D$5,'Количество значений'!$A$2:$A$86,0),INDEX('Каталог поиска'!$D$2:$D$998,$F29)),"")) | F29: =IFERROR(MATCH(17,'Каталог поиска'!$F$2:$F$998,0),"") -> 17
A30: =IF(F30="","",18) -> 18 | B30: =IF($F30="","",INDEX('Каталог поиска'!$B$2:$B$998,$F30)) -> Group | C30: =IF($F30="","",INDEX('Каталог поиска'!$C$2:$C$998,$F30)) -> R | D30: =IF(OR($F30="",E30=0,INDEX('Каталог поиска'!$D$2:$D$998,$F30)=0),"",IFERROR(INDEX('По размерам'!$A$2:$TY$86,MATCH($D$5,'По размерам'!$A$2:$A$86,0),INDEX('Каталог поиска'!$D$2:$D$998,$F30)),"")) | E30: =IF(OR($F30="",INDEX('Каталог поиска'!$D$2:$D$998,$F30)=0),"",IFERROR(INDEX('Количество значений'!$A$2:$TY$86,MATCH($D$5,'Количество значений'!$A$2:$A$86,0),INDEX('Каталог поиска'!$D$2:$D$998,$F30)),"")) | F30: =IFERROR(MATCH(18,'Каталог поиска'!$F$2:$F$998,0),"") -> 18
A31: =IF(F31="","",19) -> 19 | B31: =IF($F31="","",INDEX('Каталог поиска'!$B$2:$B$998,$F31)) -> Size | C31: =IF($F31="","",INDEX('Каталог поиска'!$C$2:$C$998,$F31)) -> S | D31: =IF(OR($F31="",E31=0,INDEX('Каталог поиска'!$D$2:$D$998,$F31)=0),"",IFERROR(INDEX('По размерам'!$A$2:$TY$86,MATCH($D$5,'По размерам'!$A$2:$A$86,0),INDEX('Каталог поиска'!$D$2:$D$998,$F31)),"")) | E31: =IF(OR($F31="",INDEX('Каталог поиска'!$D$2:$D$998,$F31)=0),"",IFERROR(INDEX('Количество значений'!$A$2:$TY$86,MATCH($D$5,'Количество значений'!$A$2:$A$86,0),INDEX('Каталог поиска'!$D$2:$D$998,$F31)),"")) | F31: =IFERROR(MATCH(19,'Каталог поиска'!$F$2:$F$998,0),"") -> 19
A32: =IF(F32="","",20) -> 20 | B32: =IF($F32="","",INDEX('Каталог поиска'!$B$2:$B$998,$F32)) -> Section | C32: =IF($F32="","",INDEX('Каталог поиска'!$C$2:$C$998,$F32)) -> T | D32: =IF(OR($F32="",E32=0,INDEX('Каталог поиска'!$D$2:$D$998,$F32)=0),"",IFERROR(INDEX('По размерам'!$A$2:$TY$86,MATCH($D$5,'По размерам'!$A$2:$A$86,0),INDEX('Каталог поиска'!$D$2:$D$998,$F32)),"")) | E32: =IF(OR($F32="",INDEX('Каталог поиска'!$D$2:$D$998,$F32)=0),"",IFERROR(INDEX('Количество значений'!$A$2:$TY$86,MATCH($D$5,'Количество значений'!$A$2:$A$86,0),INDEX('Каталог поиска'!$D$2:$D$998,$F32)),"")) | F32: =IFERROR(MATCH(20,'Каталог поиска'!$F$2:$F$998,0),"") -> 20
A33: =IF(F33="","",21) -> 21 | B33: =IF($F33="","",INDEX('Каталог поиска'!$B$2:$B$998,$F33)) -> RIM | C33: =IF($F33="","",INDEX('Каталог поиска'!$C$2:$C$998,$F33)) -> U | D33: =IF(OR($F33="",E33=0,INDEX('Каталог поиска'!$D$2:$D$998,$F33)=0),"",IFERROR(INDEX('По размерам'!$A$2:$TY$86,MATCH($D$5,'По размерам'!$A$2:$A$86,0),INDEX('Каталог поиска'!$D$2:$D$998,$F33)),"")) | E33: =IF(OR($F33="",INDEX('Каталог поиска'!$D$2:$D$998,$F33)=0),"",IFERROR(INDEX('Количество значений'!$A$2:$TY$86,MATCH($D$5,'Количество значений'!$A$2:$A$86,0),INDEX('Каталог поиска'!$D$2:$D$998,$F33)),"")) | F33: =IFERROR(MATCH(21,'Каталог поиска'!$F$2:$F$998,0),"") -> 21
A34: =IF(F34="","",22) -> 22 | B34: =IF($F34="","",INDEX('Каталог поиска'!$B$2:$B$998,$F34)) -> Inch | C34: =IF($F34="","",INDEX('Каталог поиска'!$C$2:$C$998,$F34)) -> V | D34: =IF(OR($F34="",E34=0,INDEX('Каталог поиска'!$D$2:$D$998,$F34)=0),"",IFERROR(INDEX('По размерам'!$A$2:$TY$86,MATCH($D$5,'По размерам'!$A$2:$A$86,0),INDEX('Каталог поиска'!$D$2:$D$998,$F34)),"")) | E34: =IF(OR($F34="",INDEX('Каталог поиска'!$D$2:$D$998,$F34)=0),"",IFERROR(INDEX('Количество значений'!$A$2:$TY$86,MATCH($D$5,'Количество значений'!$A$2:$A$86,0),INDEX('Каталог поиска'!$D$2:$D$998,$F34)),"")) | F34: =IFERROR(MATCH(22,'Каталог поиска'!$F$2:$F$998,0),"") -> 22
A35: =IF(F35="","",23) -> 23 | B35: =IF($F35="","",INDEX('Каталог поиска'!$B$2:$B$998,$F35)) -> Load | C35: =IF($F35="","",INDEX('Каталог поиска'!$C$2:$C$998,$F35)) -> W | D35: =IF(OR($F35="",E35=0,INDEX('Каталог поиска'!$D$2:$D$998,$F35)=0),"",IFERROR(INDEX('По размерам'!$A$2:$TY$86,MATCH($D$5,'По размерам'!$A$2:$A$86,0),INDEX('Каталог поиска'!$D$2:$D$998,$F35)),"")) | E35: =IF(OR($F35="",INDEX('Каталог поиска'!$D$2:$D$998,$F35)=0),"",IFERROR(INDEX('Количество значений'!$A$2:$TY$86,MATCH($D$5,'Количество значений'!$A$2:$A$86,0),INDEX('Каталог поиска'!$D$2:$D$998,$F35)),"")) | F35: =IFERROR(MATCH(23,'Каталог поиска'!$F$2:$F$998,0),"") -> 23
A36: =IF(F36="","",24) -> 24 | B36: =IF($F36="","",INDEX('Каталог поиска'!$B$2:$B$998,$F36)) -> Pattern | C36: =IF($F36="","",INDEX('Каталог поиска'!$C$2:$C$998,$F36)) -> X | D36: =IF(OR($F36="",E36=0,INDEX('Каталог поиска'!$D$2:$D$998,$F36)=0),"",IFERROR(INDEX('По размерам'!$A$2:$TY$86,MATCH($D$5,'По размерам'!$A$2:$A$86,0),INDEX('Каталог поиска'!$D$2:$D$998,$F36)),"")) | E36: =IF(OR($F36="",INDEX('Каталог поиска'!$D$2:$D$998,$F36)=0),"",IFERROR(INDEX('Количество значений'!$A$2:$TY$86,MATCH($D$5,'Количество значений'!$A$2:$A$86,0),INDEX('Каталог поиска'!$D$2:$D$998,$F36)),"")) | F36: =IFERROR(MATCH(24,'Каталог поиска'!$F$2:$F$998,0),"") -> 24
A37: =IF(F37="","",25) -> 25 | B37: =IF($F37="","",INDEX('Каталог поиска'!$B$2:$B$998,$F37)) -> Tire type | C37: =IF($F37="","",INDEX('Каталог поиска'!$C$2:$C$998,$F37)) -> Y | D37: =IF(OR($F37="",E37=0,INDEX('Каталог поиска'!$D$2:$D$998,$F37)=0),"",IFERROR(INDEX('По размерам'!$A$2:$TY$86,MATCH($D$5,'По размерам'!$A$2:$A$86,0),INDEX('Каталог поиска'!$D$2:$D$998,$F37)),"")) | E37: =IF(OR($F37="",INDEX('Каталог поиска'!$D$2:$D$998,$F37)=0),"",IFERROR(INDEX('Количество значений'!$A$2:$TY$86,MATCH($D$5,'Количество значений'!$A$2:$A$86,0),INDEX('Каталог поиска'!$D$2:$D$998,$F37)),"")) | F37: =IFERROR(MATCH(25,'Каталог поиска'!$F$2:$F$998,0),"") -> 25
A38: =IF(F38="","",26) -> 26 | B38: =IF($F38="","",INDEX('Каталог поиска'!$B$2:$B$998,$F38)) -> TCE SPEC No. | C38: =IF($F38="","",INDEX('Каталог поиска'!$C$2:$C$998,$F38)) -> Z | D38: =IF(OR($F38="",E38=0,INDEX('Каталог поиска'!$D$2:$D$998,$F38)=0),"",IFERROR(INDEX('По размерам'!$A$2:$TY$86,MATCH($D$5,'По размерам'!$A$2:$A$86,0),INDEX('Каталог поиска'!$D$2:$D$998,$F38)),"")) | E38: =IF(OR($F38="",INDEX('Каталог поиска'!$D$2:$D$998,$F38)=0),"",IFERROR(INDEX('Количество значений'!$A$2:$TY$86,MATCH($D$5,'Количество значений'!$A$2:$A$86,0),INDEX('Каталог поиска'!$D$2:$D$998,$F38)),"")) | F38: =IFERROR(MATCH(26,'Каталог поиска'!$F$2:$F$998,0),"") -> 26
A39: =IF(F39="","",27) -> 27 | B39: =IF($F39="","",INDEX('Каталог поиска'!$B$2:$B$998,$F39)) -> IPC No. | C39: =IF($F39="","",INDEX('Каталог поиска'!$C$2:$C$998,$F39)) -> AA | D39: =IF(OR($F39="",E39=0,INDEX('Каталог поиска'!$D$2:$D$998,$F39)=0),"",IFERROR(INDEX('По размерам'!$A$2:$TY$86,MATCH($D$5,'По размерам'!$A$2:$A$86,0),INDEX('Каталог поиска'!$D$2:$D$998,$F39)),"")) | E39: =IF(OR($F39="",INDEX('Каталог поиска'!$D$2:$D$998,$F39)=0),"",IFERROR(INDEX('Количество значений'!$A$2:$TY$86,MATCH($D$5,'Количество значений'!$A$2:$A$86,0),INDEX('Каталог поиска'!$D$2:$D$998,$F39)),"")) | F39: =IFERROR(MATCH(27,'Каталог поиска'!$F$2:$F$998,0),"") -> 27
A40: =IF(F40="","",28) -> 28 | B40: =IF($F40="","",INDEX('Каталог поиска'!$B$2:$B$998,$F40)) -> Code No. | C40: =IF($F40="","",INDEX('Каталог поиска'!$C$2:$C$998,$F40)) -> AB | D40: =IF(OR($F40="",E40=0,INDEX('Каталог поиска'!$D$2:$D$998,$F40)=0),"",IFERROR(INDEX('По размерам'!$A$2:$TY$86,MATCH($D$5,'По размерам'!$A$2:$A$86,0),INDEX('Каталог поиска'!$D$2:$D$998,$F40)),"")) | E40: =IF(OR($F40="",INDEX('Каталог поиска'!$D$2:$D$998,$F40)=0),"",IFERROR(INDEX('Количество значений'!$A$2:$TY$86,MATCH($D$5,'Количество значений'!$A$2:$A$86,0),INDEX('Каталог поиска'!$D$2:$D$998,$F40)),"")) | F40: =IFERROR(MATCH(28,'Каталог поиска'!$F$2:$F$998,0),"") -> 28
A41: =IF(F41="","",29) -> 29 | B41: =IF($F41="","",INDEX('Каталог поиска'!$B$2:$B$998,$F41)) -> Number | C41: =IF($F41="","",INDEX('Каталог поиска'!$C$2:$C$998,$F41)) -> AC | D41: =IF(OR($F41="",E41=0,INDEX('Каталог поиска'!$D$2:$D$998,$F41)=0),"",IFERROR(INDEX('По размерам'!$A$2:$TY$86,MATCH($D$5,'По размерам'!$A$2:$A$86,0),INDEX('Каталог поиска'!$D$2:$D$998,$F41)),"")) | E41: =IF(OR($F41="",INDEX('Каталог поиска'!$D$2:$D$998,$F41)=0),"",IFERROR(INDEX('Количество значений'!$A$2:$TY$86,MATCH($D$5,'Количество значений'!$A$2:$A$86,0),INDEX('Каталог поиска'!$D$2:$D$998,$F41)),"")) | F41: =IFERROR(MATCH(29,'Каталог поиска'!$F$2:$F$998,0),"") -> 29
A42: =IF(F42="","",30) -> 30 | B42: =IF($F42="","",INDEX('Каталог поиска'!$B$2:$B$998,$F42)) -> SIDE MC Group | C42: =IF($F42="","",INDEX('Каталог поиска'!$C$2:$C$998,$F42)) -> AD | D42: =IF(OR($F42="",E42=0,INDEX('Каталог поиска'!$D$2:$D$998,$F42)=0),"",IFERROR(INDEX('По размерам'!$A$2:$TY$86,MATCH($D$5,'По размерам'!$A$2:$A$86,0),INDEX('Каталог поиска'!$D$2:$D$998,$F42)),"")) | E42: =IF(OR($F42="",INDEX('Каталог поиска'!$D$2:$D$998,$F42)=0),"",IFERROR(INDEX('Количество значений'!$A$2:$TY$86,MATCH($D$5,'Количество значений'!$A$2:$A$86,0),INDEX('Каталог поиска'!$D$2:$D$998,$F42)),"")) | F42: =IFERROR(MATCH(30,'Каталог поиска'!$F$2:$F$998,0),"") -> 30
A43: =IF(F43="","",31) -> 31 | B43: =IF($F43="","",INDEX('Каталог поиска'!$B$2:$B$998,$F43)) -> Set position | C43: =IF($F43="","",INDEX('Каталог поиска'!$C$2:$C$998,$F43)) -> AE | D43: =IF(OR($F43="",E43=0,INDEX('Каталог поиска'!$D$2:$D$998,$F43)=0),"",IFERROR(INDEX('По размерам'!$A$2:$TY$86,MATCH($D$5,'По размерам'!$A$2:$A$86,0),INDEX('Каталог поиска'!$D$2:$D$998,$F43)),"")) -> 153.25 | E43: =IF(OR($F43="",INDEX('Каталог поиска'!$D$2:$D$998,$F43)=0),"",IFERROR(INDEX('Количество значений'!$A$2:$TY$86,MATCH($D$5,'Количество значений'!$A$2:$A$86,0),INDEX('Каталог поиска'!$D$2:$D$998,$F43)),"")) -> 4 | F43: =IFERROR(MATCH(31,'Каталог поиска'!$F$2:$F$998,0),"") -> 31
A44: =IF(F44="","",32) -> 32 | B44: =IF($F44="","",INDEX('Каталог поиска'!$B$2:$B$998,$F44)) -> Set position(+/-) | C44: =IF($F44="","",INDEX('Каталог поиска'!$C$2:$C$998,$F44)) -> AF | D44: =IF(OR($F44="",E44=0,INDEX('Каталог поиска'!$D$2:$D$998,$F44)=0),"",IFERROR(INDEX('По размерам'!$A$2:$TY$86,MATCH($D$5,'По размерам'!$A$2:$A$86,0),INDEX('Каталог поиска'!$D$2:$D$998,$F44)),"")) -> 1.5 | E44: =IF(OR($F44="",INDEX('Каталог поиска'!$D$2:$D$998,$F44)=0),"",IFERROR(INDEX('Количество значений'!$A$2:$TY$86,MATCH($D$5,'Количество значений'!$A$2:$A$86,0),INDEX('Каталог поиска'!$D$2:$D$998,$F44)),"")) -> 4 | F44: =IFERROR(MATCH(32,'Каталог поиска'!$F$2:$F$998,0),"") -> 32
A45: =IF(F45="","",33) -> 33 | B45: =IF($F45="","",INDEX('Каталог поиска'!$B$2:$B$998,$F45)) -> Remarks | C45: =IF($F45="","",INDEX('Каталог поиска'!$C$2:$C$998,$F45)) -> AG | D45: =IF(OR($F45="",E45=0,INDEX('Каталог поиска'!$D$2:$D$998,$F45)=0),"",IFERROR(INDEX('По размерам'!$A$2:$TY$86,MATCH($D$5,'По размерам'!$A$2:$A$86,0),INDEX('Каталог поиска'!$D$2:$D$998,$F45)),"")) | E45: =IF(OR($F45="",INDEX('Каталог поиска'!$D$2:$D$998,$F45)=0),"",IFERROR(INDEX('Количество значений'!$A$2:$TY$86,MATCH($D$5,'Количество значений'!$A$2:$A$86,0),INDEX('Каталог поиска'!$D$2:$D$998,$F45)),"")) | F45: =IFERROR(MATCH(33,'Каталог поиска'!$F$2:$F$998,0),"") -> 33
A46: =IF(F46="","",34) -> 34 | B46: =IF($F46="","",INDEX('Каталог поиска'!$B$2:$B$998,$F46)) -> Sidewall shape 0-sharp slow, 1-entry slash. | C46: =IF($F46="","",INDEX('Каталог поиска'!$C$2:$C$998,$F46)) -> AH | D46: =IF(OR($F46="",E46=0,INDEX('Каталог поиска'!$D$2:$D$998,$F46)=0),"",IFERROR(INDEX('По размерам'!$A$2:$TY$86,MATCH($D$5,'По размерам'!$A$2:$A$86,0),INDEX('Каталог поиска'!$D$2:$D$998,$F46)),"")) | E46: =IF(OR($F46="",INDEX('Каталог поиска'!$D$2:$D$998,$F46)=0),"",IFERROR(INDEX('Количество значений'!$A$2:$TY$86,MATCH($D$5,'Количество значений'!$A$2:$A$86,0),INDEX('Каталог поиска'!$D$2:$D$998,$F46)),"")) | F46: =IFERROR(MATCH(34,'Каталог поиска'!$F$2:$F$998,0),"") -> 34
A47: =IF(F47="","",35) -> 35 | B47: =IF($F47="","",INDEX('Каталог поиска'!$B$2:$B$998,$F47)) -> Code No. | C47: =IF($F47="","",INDEX('Каталог поиска'!$C$2:$C$998,$F47)) -> AI | D47: =IF(OR($F47="",E47=0,INDEX('Каталог поиска'!$D$2:$D$998,$F47)=0),"",IFERROR(INDEX('По размерам'!$A$2:$TY$86,MATCH($D$5,'По размерам'!$A$2:$A$86,0),INDEX('Каталог поиска'!$D$2:$D$998,$F47)),"")) | E47: =IF(OR($F47="",INDEX('Каталог поиска'!$D$2:$D$998,$F47)=0),"",IFERROR(INDEX('Количество значений'!$A$2:$TY$86,MATCH($D$5,'Количество значений'!$A$2:$A$86,0),INDEX('Каталог поиска'!$D$2:$D$998,$F47)),"")) | F47: =IFERROR(MATCH(35,'Каталог поиска'!$F$2:$F$998,0),"") -> 35
A48: =IF(F48="","",36) -> 36 | B48: =IF($F48="","",INDEX('Каталог поиска'!$B$2:$B$998,$F48)) -> Set position | C48: =IF($F48="","",INDEX('Каталог поиска'!$C$2:$C$998,$F48)) -> AJ | D48: =IF(OR($F48="",E48=0,INDEX('Каталог поиска'!$D$2:$D$998,$F48)=0),"",IFERROR(INDEX('По размерам'!$A$2:$TY$86,MATCH($D$5,'По размерам'!$A$2:$A$86,0),INDEX('Каталог поиска'!$D$2:$D$998,$F48)),"")) -> 163.75 | E48: =IF(OR($F48="",INDEX('Каталог поиска'!$D$2:$D$998,$F48)=0),"",IFERROR(INDEX('Количество значений'!$A$2:$TY$86,MATCH($D$5,'Количество значений'!$A$2:$A$86,0),INDEX('Каталог поиска'!$D$2:$D$998,$F48)),"")) -> 4 | F48: =IFERROR(MATCH(36,'Каталог поиска'!$F$2:$F$998,0),"") -> 36
A49: =IF(F49="","",37) -> 37 | B49: =IF($F49="","",INDEX('Каталог поиска'!$B$2:$B$998,$F49)) -> Number | C49: =IF($F49="","",INDEX('Каталог поиска'!$C$2:$C$998,$F49)) -> AK | D49: =IF(OR($F49="",E49=0,INDEX('Каталог поиска'!$D$2:$D$998,$F49)=0),"",IFERROR(INDEX('По размерам'!$A$2:$TY$86,MATCH($D$5,'По размерам'!$A$2:$A$86,0),INDEX('Каталог поиска'!$D$2:$D$998,$F49)),"")) | E49: =IF(OR($F49="",INDEX('Каталог поиска'!$D$2:$D$998,$F49)=0),"",IFERROR(INDEX('Количество значений'!$A$2:$TY$86,MATCH($D$5,'Количество значений'!$A$2:$A$86,0),INDEX('Каталог поиска'!$D$2:$D$998,$F49)),"")) | F49: =IFERROR(MATCH(37,'Каталог поиска'!$F$2:$F$998,0),"") -> 37
A50: =IF(F50="","",38) -> 38 | B50: =IF($F50="","",INDEX('Каталог поиска'!$B$2:$B$998,$F50)) -> Set position(+/-) | C50: =IF($F50="","",INDEX('Каталог поиска'!$C$2:$C$998,$F50)) -> AL | D50: =IF(OR($F50="",E50=0,INDEX('Каталог поиска'!$D$2:$D$998,$F50)=0),"",IFERROR(INDEX('По размерам'!$A$2:$TY$86,MATCH($D$5,'По размерам'!$A$2:$A$86,0),INDEX('Каталог поиска'!$D$2:$D$998,$F50)),"")) -> 1.5 | E50: =IF(OR($F50="",INDEX('Каталог поиска'!$D$2:$D$998,$F50)=0),"",IFERROR(INDEX('Количество значений'!$A$2:$TY$86,MATCH($D$5,'Количество значений'!$A$2:$A$86,0),INDEX('Каталог поиска'!$D$2:$D$998,$F50)),"")) -> 4 | F50: =IFERROR(MATCH(38,'Каталог поиска'!$F$2:$F$998,0),"") -> 38
A51: =IF(F51="","",39) -> 39 | B51: =IF($F51="","",INDEX('Каталог поиска'!$B$2:$B$998,$F51)) -> Remarks | C51: =IF($F51="","",INDEX('Каталог поиска'!$C$2:$C$998,$F51)) -> AM | D51: =IF(OR($F51="",E51=0,INDEX('Каталог поиска'!$D$2:$D$998,$F51)=0),"",IFERROR(INDEX('По размерам'!$A$2:$TY$86,MATCH($D$5,'По размерам'!$A$2:$A$86,0),INDEX('Каталог поиска'!$D$2:$D$998,$F51)),"")) | E51: =IF(OR($F51="",INDEX('Каталог поиска'!$D$2:$D$998,$F51)=0),"",IFERROR(INDEX('Количество значений'!$A$2:$TY$86,MATCH($D$5,'Количество значений'!$A$2:$A$86,0),INDEX('Каталог поиска'!$D$2:$D$998,$F51)),"")) | F51: =IFERROR(MATCH(39,'Каталог поиска'!$F$2:$F$998,0),"") -> 39
A52: =IF(F52="","",40) -> 40 | B52: =IF($F52="","",INDEX('Каталог поиска'!$B$2:$B$998,$F52)) -> Code No. | C52: =IF($F52="","",INDEX('Каталог поиска'!$C$2:$C$998,$F52)) -> AN | D52: =IF(OR($F52="",E52=0,INDEX('Каталог поиска'!$D$2:$D$998,$F52)=0),"",IFERROR(INDEX('По размерам'!$A$2:$TY$86,MATCH($D$5,'По размерам'!$A$2:$A$86,0),INDEX('Каталог поиска'!$D$2:$D$998,$F52)),"")) | E52: =IF(OR($F52="",INDEX('Каталог поиска'!$D$2:$D$998,$F52)=0),"",IFERROR(INDEX('Количество значений'!$A$2:$TY$86,MATCH($D$5,'Количество значений'!$A$2:$A$86,0),INDEX('Каталог поиска'!$D$2:$D$998,$F52)),"")) | F52: =IFERROR(MATCH(40,'Каталог поиска'!$F$2:$F$998,0),"") -> 40
A53: =IF(F53="","",41) -> 41 | B53: =IF($F53="","",INDEX('Каталог поиска'!$B$2:$B$998,$F53)) -> Number | C53: =IF($F53="","",INDEX('Каталог поиска'!$C$2:$C$998,$F53)) -> AO | D53: =IF(OR($F53="",E53=0,INDEX('Каталог поиска'!$D$2:$D$998,$F53)=0),"",IFERROR(INDEX('По размерам'!$A$2:$TY$86,MATCH($D$5,'По размерам'!$A$2:$A$86,0),INDEX('Каталог поиска'!$D$2:$D$998,$F53)),"")) | E53: =IF(OR($F53="",INDEX('Каталог поиска'!$D$2:$D$998,$F53)=0),"",IFERROR(INDEX('Количество значений'!$A$2:$TY$86,MATCH($D$5,'Количество значений'!$A$2:$A$86,0),INDEX('Каталог поиска'!$D$2:$D$998,$F53)),"")) | F53: =IFERROR(MATCH(41,'Каталог поиска'!$F$2:$F$998,0),"") -> 41
A54: =IF(F54="","",42) -> 42 | B54: =IF($F54="","",INDEX('Каталог поиска'!$B$2:$B$998,$F54)) -> Angle direction | C54: =IF($F54="","",INDEX('Каталог поиска'!$C$2:$C$998,$F54)) -> AP | D54: =IF(OR($F54="",E54=0,INDEX('Каталог поиска'!$D$2:$D$998,$F54)=0),"",IFERROR(INDEX('По размерам'!$A$2:$TY$86,MATCH($D$5,'По размерам'!$A$2:$A$86,0),INDEX('Каталог поиска'!$D$2:$D$998,$F54)),"")) | E54: =IF(OR($F54="",INDEX('Каталог поиска'!$D$2:$D$998,$F54)=0),"",IFERROR(INDEX('Количество значений'!$A$2:$TY$86,MATCH($D$5,'Количество значений'!$A$2:$A$86,0),INDEX('Каталог поиска'!$D$2:$D$998,$F54)),"")) | F54: =IFERROR(MATCH(42,'Каталог поиска'!$F$2:$F$998,0),"") -> 42
A55: =IF(F55="","",43) -> 43 | B55: =IF($F55="","",INDEX('Каталог поиска'!$B$2:$B$998,$F55)) -> Angle direction 1Char | C55: =IF($F55="","",INDEX('Каталог поиска'!$C$2:$C$998,$F55)) -> AQ | D55: =IF(OR($F55="",E55=0,INDEX('Каталог поиска'!$D$2:$D$998,$F55)=0),"",IFERROR(INDEX('По размерам'!$A$2:$TY$86,MATCH($D$5,'По размерам'!$A$2:$A$86,0),INDEX('Каталог поиска'!$D$2:$D$998,$F55)),"")) | E55: =IF(OR($F55="",INDEX('Каталог поиска'!$D$2:$D$998,$F55)=0),"",IFERROR(INDEX('Количество значений'!$A$2:$TY$86,MATCH($D$5,'Количество значений'!$A$2:$A$86,0),INDEX('Каталог поиска'!$D$2:$D$998,$F55)),"")) | F55: =IFERROR(MATCH(43,'Каталог поиска'!$F$2:$F$998,0),"") -> 43
A56: =IF(F56="","",44) -> 44 | B56: =IF($F56="","",INDEX('Каталог поиска'!$B$2:$B$998,$F56)) -> Set position | C56: =IF($F56="","",INDEX('Каталог поиска'!$C$2:$C$998,$F56)) -> AR | D56: =IF(OR($F56="",E56=0,INDEX('Каталог поиска'!$D$2:$D$998,$F56)=0),"",IFERROR(INDEX('По размерам'!$A$2:$TY$86,MATCH($D$5,'По размерам'!$A$2:$A$86,0),INDEX('Каталог поиска'!$D$2:$D$998,$F56)),"")) -> 0 | E56: =IF(OR($F56="",INDEX('Каталог поиска'!$D$2:$D$998,$F56)=0),"",IFERROR(INDEX('Количество значений'!$A$2:$TY$86,MATCH($D$5,'Количество значений'!$A$2:$A$86,0),INDEX('Каталог поиска'!$D$2:$D$998,$F56)),"")) -> 4 | F56: =IFERROR(MATCH(44,'Каталог поиска'!$F$2:$F$998,0),"") -> 44
A57: =IF(F57="","",45) -> 45 | B57: =IF($F57="","",INDEX('Каталог поиска'!$B$2:$B$998,$F57)) -> Set position(+/-) | C57: =IF($F57="","",INDEX('Каталог поиска'!$C$2:$C$998,$F57)) -> AS | D57: =IF(OR($F57="",E57=0,INDEX('Каталог поиска'!$D$2:$D$998,$F57)=0),"",IFERROR(INDEX('По размерам'!$A$2:$TY$86,MATCH($D$5,'По размерам'!$A$2:$A$86,0),INDEX('Каталог поиска'!$D$2:$D$998,$F57)),"")) -> 1.5 | E57: =IF(OR($F57="",INDEX('Каталог поиска'!$D$2:$D$998,$F57)=0),"",IFERROR(INDEX('Количество значений'!$A$2:$TY$86,MATCH($D$5,'Количество значений'!$A$2:$A$86,0),INDEX('Каталог поиска'!$D$2:$D$998,$F57)),"")) -> 4 | F57: =IFERROR(MATCH(45,'Каталог поиска'!$F$2:$F$998,0),"") -> 45
A58: =IF(F58="","",46) -> 46 | B58: =IF($F58="","",INDEX('Каталог поиска'!$B$2:$B$998,$F58)) -> Remarks | C58: =IF($F58="","",INDEX('Каталог поиска'!$C$2:$C$998,$F58)) -> AT | D58: =IF(OR($F58="",E58=0,INDEX('Каталог поиска'!$D$2:$D$998,$F58)=0),"",IFERROR(INDEX('По размерам'!$A$2:$TY$86,MATCH($D$5,'По размерам'!$A$2:$A$86,0),INDEX('Каталог поиска'!$D$2:$D$998,$F58)),"")) | E58: =IF(OR($F58="",INDEX('Каталог поиска'!$D$2:$D$998,$F58)=0),"",IFERROR(INDEX('Количество значений'!$A$2:$TY$86,MATCH($D$5,'Количество значений'!$A$2:$A$86,0),INDEX('Каталог поиска'!$D$2:$D$998,$F58)),"")) | F58: =IFERROR(MATCH(46,'Каталог поиска'!$F$2:$F$998,0),"") -> 46
A59: =IF(F59="","",47) -> 47 | B59: =IF($F59="","",INDEX('Каталог поиска'!$B$2:$B$998,$F59)) -> Code No.(Non TPI) | C59: =IF($F59="","",INDEX('Каталог поиска'!$C$2:$C$998,$F59)) -> AU | D59: =IF(OR($F59="",E59=0,INDEX('Каталог поиска'!$D$2:$D$998,$F59)=0),"",IFERROR(INDEX('По размерам'!$A$2:$TY$86,MATCH($D$5,'По размерам'!$A$2:$A$86,0),INDEX('Каталог поиска'!$D$2:$D$998,$F59)),"")) | E59: =IF(OR($F59="",INDEX('Каталог поиска'!$D$2:$D$998,$F59)=0),"",IFERROR(INDEX('Количество значений'!$A$2:$TY$86,MATCH($D$5,'Количество значений'!$A$2:$A$86,0),INDEX('Каталог поиска'!$D$2:$D$998,$F59)),"")) | F59: =IFERROR(MATCH(47,'Каталог поиска'!$F$2:$F$998,0),"") -> 47
A60: =IF(F60="","",48) -> 48 | B60: =IF($F60="","",INDEX('Каталог поиска'!$B$2:$B$998,$F60)) -> Code No.(TPI) | C60: =IF($F60="","",INDEX('Каталог поиска'!$C$2:$C$998,$F60)) -> AV | D60: =IF(OR($F60="",E60=0,INDEX('Каталог поиска'!$D$2:$D$998,$F60)=0),"",IFERROR(INDEX('По размерам'!$A$2:$TY$86,MATCH($D$5,'По размерам'!$A$2:$A$86,0),INDEX('Каталог поиска'!$D$2:$D$998,$F60)),"")) | E60: =IF(OR($F60="",INDEX('Каталог поиска'!$D$2:$D$998,$F60)=0),"",IFERROR(INDEX('Количество значений'!$A$2:$TY$86,MATCH($D$5,'Количество значений'!$A$2:$A$86,0),INDEX('Каталог поиска'!$D$2:$D$998,$F60)),"")) | F60: =IFERROR(MATCH(48,'Каталог поиска'!$F$2:$F$998,0),"") -> 48
A61: =IF(F61="","",49) -> 49 | B61: =IF($F61="","",INDEX('Каталог поиска'!$B$2:$B$998,$F61)) -> Code No. | C61: =IF($F61="","",INDEX('Каталог поиска'!$C$2:$C$998,$F61)) -> AW | D61: =IF(OR($F61="",E61=0,INDEX('Каталог поиска'!$D$2:$D$998,$F61)=0),"",IFERROR(INDEX('По размерам'!$A$2:$TY$86,MATCH($D$5,'По размерам'!$A$2:$A$86,0),INDEX('Каталог поиска'!$D$2:$D$998,$F61)),"")) | E61: =IF(OR($F61="",INDEX('Каталог поиска'!$D$2:$D$998,$F61)=0),"",IFERROR(INDEX('Количество значений'!$A$2:$TY$86,MATCH($D$5,'Количество значений'!$A$2:$A$86,0),INDEX('Каталог поиска'!$D$2:$D$998,$F61)),"")) | F61: =IFERROR(MATCH(49,'Каталог поиска'!$F$2:$F$998,0),"") -> 49
A62: =IF(F62="","",50) -> 50 | B62: =IF($F62="","",INDEX('Каталог поиска'!$B$2:$B$998,$F62)) -> Number | C62: =IF($F62="","",INDEX('Каталог поиска'!$C$2:$C$998,$F62)) -> AX | D62: =IF(OR($F62="",E62=0,INDEX('Каталог поиска'!$D$2:$D$998,$F62)=0),"",IFERROR(INDEX('По размерам'!$A$2:$TY$86,MATCH($D$5,'По размерам'!$A$2:$A$86,0),INDEX('Каталог поиска'!$D$2:$D$998,$F62)),"")) | E62: =IF(OR($F62="",INDEX('Каталог поиска'!$D$2:$D$998,$F62)=0),"",IFERROR(INDEX('Количество значений'!$A$2:$TY$86,MATCH($D$5,'Количество значений'!$A$2:$A$86,0),INDEX('Каталог поиска'!$D$2:$D$998,$F62)),"")) | F62: =IFERROR(MATCH(50,'Каталог поиска'!$F$2:$F$998,0),"") -> 50
A63: =IF(F63="","",51) -> 51 | B63: =IF($F63="","",INDEX('Каталог поиска'!$B$2:$B$998,$F63)) -> Set position | C63: =IF($F63="","",INDEX('Каталог поиска'!$C$2:$C$998,$F63)) -> AY | D63: =IF(OR($F63="",E63=0,INDEX('Каталог поиска'!$D$2:$D$998,$F63)=0),"",IFERROR(INDEX('По размерам'!$A$2:$TY$86,MATCH($D$5,'По размерам'!$A$2:$A$86,0),INDEX('Каталог поиска'!$D$2:$D$998,$F63)),"")) -> 239.375 | E63: =IF(OR($F63="",INDEX('Каталог поиска'!$D$2:$D$998,$F63)=0),"",IFERROR(INDEX('Количество значений'!$A$2:$TY$86,MATCH($D$5,'Количество значений'!$A$2:$A$86,0),INDEX('Каталог поиска'!$D$2:$D$998,$F63)),"")) -> 4 | F63: =IFERROR(MATCH(51,'Каталог поиска'!$F$2:$F$998,0),"") -> 51
A64: =IF(F64="","",52) -> 52 | B64: =IF($F64="","",INDEX('Каталог поиска'!$B$2:$B$998,$F64)) -> Set position(+/-) | C64: =IF($F64="","",INDEX('Каталог поиска'!$C$2:$C$998,$F64)) -> AZ | D64: =IF(OR($F64="",E64=0,INDEX('Каталог поиска'!$D$2:$D$998,$F64)=0),"",IFERROR(INDEX('По размерам'!$A$2:$TY$86,MATCH($D$5,'По размерам'!$A$2:$A$86,0),INDEX('Каталог поиска'!$D$2:$D$998,$F64)),"")) -> 1.5 | E64: =IF(OR($F64="",INDEX('Каталог поиска'!$D$2:$D$998,$F64)=0),"",IFERROR(INDEX('Количество значений'!$A$2:$TY$86,MATCH($D$5,'Количество значений'!$A$2:$A$86,0),INDEX('Каталог поиска'!$D$2:$D$998,$F64)),"")) -> 4 | F64: =IFERROR(MATCH(52,'Каталог поиска'!$F$2:$F$998,0),"") -> 52
A65: =IF(F65="","",53) -> 53 | B65: =IF($F65="","",INDEX('Каталог поиска'!$B$2:$B$998,$F65)) -> Remarks | C65: =IF($F65="","",INDEX('Каталог поиска'!$C$2:$C$998,$F65)) -> BA | D65: =IF(OR($F65="",E65=0,INDEX('Каталог поиска'!$D$2:$D$998,$F65)=0),"",IFERROR(INDEX('По размерам'!$A$2:$TY$86,MATCH($D$5,'По размерам'!$A$2:$A$86,0),INDEX('Каталог поиска'!$D$2:$D$998,$F65)),"")) | E65: =IF(OR($F65="",INDEX('Каталог поиска'!$D$2:$D$998,$F65)=0),"",IFERROR(INDEX('Количество значений'!$A$2:$TY$86,MATCH($D$5,'Количество значений'!$A$2:$A$86,0),INDEX('Каталог поиска'!$D$2:$D$998,$F65)),"")) | F65: =IFERROR(MATCH(53,'Каталог поиска'!$F$2:$F$998,0),"") -> 53
A66: =IF(F66="","",54) -> 54 | B66: =IF($F66="","",INDEX('Каталог поиска'!$B$2:$B$998,$F66)) -> Code No.(Non TPI) | C66: =IF($F66="","",INDEX('Каталог поиска'!$C$2:$C$998,$F66)) -> BB | D66: =IF(OR($F66="",E66=0,INDEX('Каталог поиска'!$D$2:$D$998,$F66)=0),"",IFERROR(INDEX('По размерам'!$A$2:$TY$86,MATCH($D$5,'По размерам'!$A$2:$A$86,0),INDEX('Каталог поиска'!$D$2:$D$998,$F66)),"")) | E66: =IF(OR($F66="",INDEX('Каталог поиска'!$D$2:$D$998,$F66)=0),"",IFERROR(INDEX('Количество значений'!$A$2:$TY$86,MATCH($D$5,'Количество значений'!$A$2:$A$86,0),INDEX('Каталог поиска'!$D$2:$D$998,$F66)),"")) | F66: =IFERROR(MATCH(54,'Каталог поиска'!$F$2:$F$998,0),"") -> 54
A67: =IF(F67="","",55) -> 55 | B67: =IF($F67="","",INDEX('Каталог поиска'!$B$2:$B$998,$F67)) -> Code No.(TPI) | C67: =IF($F67="","",INDEX('Каталог поиска'!$C$2:$C$998,$F67)) -> BC | D67: =IF(OR($F67="",E67=0,INDEX('Каталог поиска'!$D$2:$D$998,$F67)=0),"",IFERROR(INDEX('По размерам'!$A$2:$TY$86,MATCH($D$5,'По размерам'!$A$2:$A$86,0),INDEX('Каталог поиска'!$D$2:$D$998,$F67)),"")) | E67: =IF(OR($F67="",INDEX('Каталог поиска'!$D$2:$D$998,$F67)=0),"",IFERROR(INDEX('Количество значений'!$A$2:$TY$86,MATCH($D$5,'Количество значений'!$A$2:$A$86,0),INDEX('Каталог поиска'!$D$2:$D$998,$F67)),"")) | F67: =IFERROR(MATCH(55,'Каталог поиска'!$F$2:$F$998,0),"") -> 55
A68: =IF(F68="","",56) -> 56 | B68: =IF($F68="","",INDEX('Каталог поиска'!$B$2:$B$998,$F68)) -> Code No. | C68: =IF($F68="","",INDEX('Каталог поиска'!$C$2:$C$998,$F68)) -> BD | D68: =IF(OR($F68="",E68=0,INDEX('Каталог поиска'!$D$2:$D$998,$F68)=0),"",IFERROR(INDEX('По размерам'!$A$2:$TY$86,MATCH($D$5,'По размерам'!$A$2:$A$86,0),INDEX('Каталог поиска'!$D$2:$D$998,$F68)),"")) | E68: =IF(OR($F68="",INDEX('Каталог поиска'!$D$2:$D$998,$F68)=0),"",IFERROR(INDEX('Количество значений'!$A$2:$TY$86,MATCH($D$5,'Количество значений'!$A$2:$A$86,0),INDEX('Каталог поиска'!$D$2:$D$998,$F68)),"")) | F68: =IFERROR(MATCH(56,'Каталог поиска'!$F$2:$F$998,0),"") -> 56
A69: =IF(F69="","",57) -> 57 | B69: =IF($F69="","",INDEX('Каталог поиска'!$B$2:$B$998,$F69)) -> Number | C69: =IF($F69="","",INDEX('Каталог поиска'!$C$2:$C$998,$F69)) -> BE | D69: =IF(OR($F69="",E69=0,INDEX('Каталог поиска'!$D$2:$D$998,$F69)=0),"",IFERROR(INDEX('По размерам'!$A$2:$TY$86,MATCH($D$5,'По размерам'!$A$2:$A$86,0),INDEX('Каталог поиска'!$D$2:$D$998,$F69)),"")) | E69: =IF(OR($F69="",INDEX('Каталог поиска'!$D$2:$D$998,$F69)=0),"",IFERROR(INDEX('Количество значений'!$A$2:$TY$86,MATCH($D$5,'Количество значений'!$A$2:$A$86,0),INDEX('Каталог поиска'!$D$2:$D$998,$F69)),"")) | F69: =IFERROR(MATCH(57,'Каталог поиска'!$F$2:$F$998,0),"") -> 57
A70: =IF(F70="","",58) -> 58 | B70: =IF($F70="","",INDEX('Каталог поиска'!$B$2:$B$998,$F70)) -> Set position | C70: =IF($F70="","",INDEX('Каталог поиска'!$C$2:$C$998,$F70)) -> BF | D70: =IF(OR($F70="",E70=0,INDEX('Каталог поиска'!$D$2:$D$998,$F70)=0),"",IFERROR(INDEX('По размерам'!$A$2:$TY$86,MATCH($D$5,'По размерам'!$A$2:$A$86,0),INDEX('Каталог поиска'!$D$2:$D$998,$F70)),"")) | E70: =IF(OR($F70="",INDEX('Каталог поиска'!$D$2:$D$998,$F70)=0),"",IFERROR(INDEX('Количество значений'!$A$2:$TY$86,MATCH($D$5,'Количество значений'!$A$2:$A$86,0),INDEX('Каталог поиска'!$D$2:$D$998,$F70)),"")) -> 0 | F70: =IFERROR(MATCH(58,'Каталог поиска'!$F$2:$F$998,0),"") -> 58
A71: =IF(F71="","",59) -> 59 | B71: =IF($F71="","",INDEX('Каталог поиска'!$B$2:$B$998,$F71)) -> Set position(+/-) | C71: =IF($F71="","",INDEX('Каталог поиска'!$C$2:$C$998,$F71)) -> BG | D71: =IF(OR($F71="",E71=0,INDEX('Каталог поиска'!$D$2:$D$998,$F71)=0),"",IFERROR(INDEX('По размерам'!$A$2:$TY$86,MATCH($D$5,'По размерам'!$A$2:$A$86,0),INDEX('Каталог поиска'!$D$2:$D$998,$F71)),"")) -> 1.5 | E71: =IF(OR($F71="",INDEX('Каталог поиска'!$D$2:$D$998,$F71)=0),"",IFERROR(INDEX('Количество значений'!$A$2:$TY$86,MATCH($D$5,'Количество значений'!$A$2:$A$86,0),INDEX('Каталог поиска'!$D$2:$D$998,$F71)),"")) -> 4 | F71: =IFERROR(MATCH(59,'Каталог поиска'!$F$2:$F$998,0),"") -> 59
A72: =IF(F72="","",60) -> 60 | B72: =IF($F72="","",INDEX('Каталог поиска'!$B$2:$B$998,$F72)) -> Remarks | C72: =IF($F72="","",INDEX('Каталог поиска'!$C$2:$C$998,$F72)) -> BH | D72: =IF(OR($F72="",E72=0,INDEX('Каталог поиска'!$D$2:$D$998,$F72)=0),"",IFERROR(INDEX('По размерам'!$A$2:$TY$86,MATCH($D$5,'По размерам'!$A$2:$A$86,0),INDEX('Каталог поиска'!$D$2:$D$998,$F72)),"")) | E72: =IF(OR($F72="",INDEX('Каталог поиска'!$D$2:$D$998,$F72)=0),"",IFERROR(INDEX('Количество значений'!$A$2:$TY$86,MATCH($D$5,'Количество значений'!$A$2:$A$86,0),INDEX('Каталог поиска'!$D$2:$D$998,$F72)),"")) | F72: =IFERROR(MATCH(60,'Каталог поиска'!$F$2:$F$998,0),"") -> 60
A73: =IF(F73="","",61) -> 61 | B73: =IF($F73="","",INDEX('Каталог поиска'!$B$2:$B$998,$F73)) -> Code No. | C73: =IF($F73="","",INDEX('Каталог поиска'!$C$2:$C$998,$F73)) -> BI | D73: =IF(OR($F73="",E73=0,INDEX('Каталог поиска'!$D$2:$D$998,$F73)=0),"",IFERROR(INDEX('По размерам'!$A$2:$TY$86,MATCH($D$5,'По размерам'!$A$2:$A$86,0),INDEX('Каталог поиска'!$D$2:$D$998,$F73)),"")) | E73: =IF(OR($F73="",INDEX('Каталог поиска'!$D$2:$D$998,$F73)=0),"",IFERROR(INDEX('Количество значений'!$A$2:$TY$86,MATCH($D$5,'Количество значений'!$A$2:$A$86,0),INDEX('Каталог поиска'!$D$2:$D$998,$F73)),"")) | F73: =IFERROR(MATCH(61,'Каталог поиска'!$F$2:$F$998,0),"") -> 61
A74: =IF(F74="","",62) -> 62 | B74: =IF($F74="","",INDEX('Каталог поиска'!$B$2:$B$998,$F74)) -> Number | C74: =IF($F74="","",INDEX('Каталог поиска'!$C$2:$C$998,$F74)) -> BJ | D74: =IF(OR($F74="",E74=0,INDEX('Каталог поиска'!$D$2:$D$998,$F74)=0),"",IFERROR(INDEX('По размерам'!$A$2:$TY$86,MATCH($D$5,'По размерам'!$A$2:$A$86,0),INDEX('Каталог поиска'!$D$2:$D$998,$F74)),"")) | E74: =IF(OR($F74="",INDEX('Каталог поиска'!$D$2:$D$998,$F74)=0),"",IFERROR(INDEX('Количество значений'!$A$2:$TY$86,MATCH($D$5,'Количество значений'!$A$2:$A$86,0),INDEX('Каталог поиска'!$D$2:$D$998,$F74)),"")) | F74: =IFERROR(MATCH(62,'Каталог поиска'!$F$2:$F$998,0),"") -> 62
A75: =IF(F75="","",63) -> 63 | B75: =IF($F75="","",INDEX('Каталог поиска'!$B$2:$B$998,$F75)) -> Angle direction | C75: =IF($F75="","",INDEX('Каталог поиска'!$C$2:$C$998,$F75)) -> BK | D75: =IF(OR($F75="",E75=0,INDEX('Каталог поиска'!$D$2:$D$998,$F75)=0),"",IFERROR(INDEX('По размерам'!$A$2:$TY$86,MATCH($D$5,'По размерам'!$A$2:$A$86,0),INDEX('Каталог поиска'!$D$2:$D$998,$F75)),"")) | E75: =IF(OR($F75="",INDEX('Каталог поиска'!$D$2:$D$998,$F75)=0),"",IFERROR(INDEX('Количество значений'!$A$2:$TY$86,MATCH($D$5,'Количество значений'!$A$2:$A$86,0),INDEX('Каталог поиска'!$D$2:$D$998,$F75)),"")) | F75: =IFERROR(MATCH(63,'Каталог поиска'!$F$2:$F$998,0),"") -> 63
A76: =IF(F76="","",64) -> 64 | B76: =IF($F76="","",INDEX('Каталог поиска'!$B$2:$B$998,$F76)) -> Angle direction 2Char | C76: =IF($F76="","",INDEX('Каталог поиска'!$C$2:$C$998,$F76)) -> BL | D76: =IF(OR($F76="",E76=0,INDEX('Каталог поиска'!$D$2:$D$998,$F76)=0),"",IFERROR(INDEX('По размерам'!$A$2:$TY$86,MATCH($D$5,'По размерам'!$A$2:$A$86,0),INDEX('Каталог поиска'!$D$2:$D$998,$F76)),"")) | E76: =IF(OR($F76="",INDEX('Каталог поиска'!$D$2:$D$998,$F76)=0),"",IFERROR(INDEX('Количество значений'!$A$2:$TY$86,MATCH($D$5,'Количество значений'!$A$2:$A$86,0),INDEX('Каталог поиска'!$D$2:$D$998,$F76)),"")) | F76: =IFERROR(MATCH(64,'Каталог поиска'!$F$2:$F$998,0),"") -> 64
A77: =IF(F77="","",65) -> 65 | B77: =IF($F77="","",INDEX('Каталог поиска'!$B$2:$B$998,$F77)) -> Set position | C77: =IF($F77="","",INDEX('Каталог поиска'!$C$2:$C$998,$F77)) -> BM | D77: =IF(OR($F77="",E77=0,INDEX('Каталог поиска'!$D$2:$D$998,$F77)=0),"",IFERROR(INDEX('По размерам'!$A$2:$TY$86,MATCH($D$5,'По размерам'!$A$2:$A$86,0),INDEX('Каталог поиска'!$D$2:$D$998,$F77)),"")) | E77: =IF(OR($F77="",INDEX('Каталог поиска'!$D$2:$D$998,$F77)=0),"",IFERROR(INDEX('Количество значений'!$A$2:$TY$86,MATCH($D$5,'Количество значений'!$A$2:$A$86,0),INDEX('Каталог поиска'!$D$2:$D$998,$F77)),"")) -> 0 | F77: =IFERROR(MATCH(65,'Каталог поиска'!$F$2:$F$998,0),"") -> 65
A78: =IF(F78="","",66) -> 66 | B78: =IF($F78="","",INDEX('Каталог поиска'!$B$2:$B$998,$F78)) -> Set position(+/-) | C78: =IF($F78="","",INDEX('Каталог поиска'!$C$2:$C$998,$F78)) -> BN | D78: =IF(OR($F78="",E78=0,INDEX('Каталог поиска'!$D$2:$D$998,$F78)=0),"",IFERROR(INDEX('По размерам'!$A$2:$TY$86,MATCH($D$5,'По размерам'!$A$2:$A$86,0),INDEX('Каталог поиска'!$D$2:$D$998,$F78)),"")) -> 1.5 | E78: =IF(OR($F78="",INDEX('Каталог поиска'!$D$2:$D$998,$F78)=0),"",IFERROR(INDEX('Количество значений'!$A$2:$TY$86,MATCH($D$5,'Количество значений'!$A$2:$A$86,0),INDEX('Каталог поиска'!$D$2:$D$998,$F78)),"")) -> 4 | F78: =IFERROR(MATCH(66,'Каталог поиска'!$F$2:$F$998,0),"") -> 66
A79: =IF(F79="","",67) -> 67 | B79: =IF($F79="","",INDEX('Каталог поиска'!$B$2:$B$998,$F79)) -> Remarks | C79: =IF($F79="","",INDEX('Каталог поиска'!$C$2:$C$998,$F79)) -> BO | D79: =IF(OR($F79="",E79=0,INDEX('Каталог поиска'!$D$2:$D$998,$F79)=0),"",IFERROR(INDEX('По размерам'!$A$2:$TY$86,MATCH($D$5,'По размерам'!$A$2:$A$86,0),INDEX('Каталог поиска'!$D$2:$D$998,$F79)),"")) | E79: =IF(OR($F79="",INDEX('Каталог поиска'!$D$2:$D$998,$F79)=0),"",IFERROR(INDEX('Количество значений'!$A$2:$TY$86,MATCH($D$5,'Количество значений'!$A$2:$A$86,0),INDEX('Каталог поиска'!$D$2:$D$998,$F79)),"")) | F79: =IFERROR(MATCH(67,'Каталог поиска'!$F$2:$F$998,0),"") -> 67
A80: =IF(F80="","",68) -> 68 | B80: =IF($F80="","",INDEX('Каталог поиска'!$B$2:$B$998,$F80)) -> Code No. | C80: =IF($F80="","",INDEX('Каталог поиска'!$C$2:$C$998,$F80)) -> BP | D80: =IF(OR($F80="",E80=0,INDEX('Каталог поиска'!$D$2:$D$998,$F80)=0),"",IFERROR(INDEX('По размерам'!$A$2:$TY$86,MATCH($D$5,'По размерам'!$A$2:$A$86,0),INDEX('Каталог поиска'!$D$2:$D$998,$F80)),"")) | E80: =IF(OR($F80="",INDEX('Каталог поиска'!$D$2:$D$998,$F80)=0),"",IFERROR(INDEX('Количество значений'!$A$2:$TY$86,MATCH($D$5,'Количество значений'!$A$2:$A$86,0),INDEX('Каталог поиска'!$D$2:$D$998,$F80)),"")) | F80: =IFERROR(MATCH(68,'Каталог поиска'!$F$2:$F$998,0),"") -> 68
A81: =IF(F81="","",69) -> 69 | B81: =IF($F81="","",INDEX('Каталог поиска'!$B$2:$B$998,$F81)) -> Machine group | C81: =IF($F81="","",INDEX('Каталог поиска'!$C$2:$C$998,$F81)) -> BQ | D81: =IF(OR($F81="",E81=0,INDEX('Каталог поиска'!$D$2:$D$998,$F81)=0),"",IFERROR(INDEX('По размерам'!$A$2:$TY$86,MATCH($D$5,'По размерам'!$A$2:$A$86,0),INDEX('Каталог поиска'!$D$2:$D$998,$F81)),"")) | E81: =IF(OR($F81="",INDEX('Каталог поиска'!$D$2:$D$998,$F81)=0),"",IFERROR(INDEX('Количество значений'!$A$2:$TY$86,MATCH($D$5,'Количество значений'!$A$2:$A$86,0),INDEX('Каталог поиска'!$D$2:$D$998,$F81)),"")) | F81: =IFERROR(MATCH(69,'Каталог поиска'!$F$2:$F$998,0),"") -> 69
A82: =IF(F82="","",70) -> 70 | B82: =IF($F82="","",INDEX('Каталог поиска'!$B$2:$B$998,$F82)) -> Number | C82: =IF($F82="","",INDEX('Каталог поиска'!$C$2:$C$998,$F82)) -> BR | D82: =IF(OR($F82="",E82=0,INDEX('Каталог поиска'!$D$2:$D$998,$F82)=0),"",IFERROR(INDEX('По размерам'!$A$2:$TY$86,MATCH($D$5,'По размерам'!$A$2:$A$86,0),INDEX('Каталог поиска'!$D$2:$D$998,$F82)),"")) | E82: =IF(OR($F82="",INDEX('Каталог поиска'!$D$2:$D$998,$F82)=0),"",IFERROR(INDEX('Количество значений'!$A$2:$TY$86,MATCH($D$5,'Количество значений'!$A$2:$A$86,0),INDEX('Каталог поиска'!$D$2:$D$998,$F82)),"")) | F82: =IFERROR(MATCH(70,'Каталог поиска'!$F$2:$F$998,0),"") -> 70
A83: =IF(F83="","",71) -> 71 | B83: =IF($F83="","",INDEX('Каталог поиска'!$B$2:$B$998,$F83)) -> Color marks | C83: =IF($F83="","",INDEX('Каталог поиска'!$C$2:$C$998,$F83)) -> BS | D83: =IF(OR($F83="",E83=0,INDEX('Каталог поиска'!$D$2:$D$998,$F83)=0),"",IFERROR(INDEX('По размерам'!$A$2:$TY$86,MATCH($D$5,'По размерам'!$A$2:$A$86,0),INDEX('Каталог поиска'!$D$2:$D$998,$F83)),"")) | E83: =IF(OR($F83="",INDEX('Каталог поиска'!$D$2:$D$998,$F83)=0),"",IFERROR(INDEX('Количество значений'!$A$2:$TY$86,MATCH($D$5,'Количество значений'!$A$2:$A$86,0),INDEX('Каталог поиска'!$D$2:$D$998,$F83)),"")) | F83: =IFERROR(MATCH(71,'Каталог поиска'!$F$2:$F$998,0),"") -> 71
A84: =IF(F84="","",72) -> 72 | B84: =IF($F84="","",INDEX('Каталог поиска'!$B$2:$B$998,$F84)) -> Set position | C84: =IF($F84="","",INDEX('Каталог поиска'!$C$2:$C$998,$F84)) -> BT | D84: =IF(OR($F84="",E84=0,INDEX('Каталог поиска'!$D$2:$D$998,$F84)=0),"",IFERROR(INDEX('По размерам'!$A$2:$TY$86,MATCH($D$5,'По размерам'!$A$2:$A$86,0),INDEX('Каталог поиска'!$D$2:$D$998,$F84)),"")) -> 175.75 | E84: =IF(OR($F84="",INDEX('Каталог поиска'!$D$2:$D$998,$F84)=0),"",IFERROR(INDEX('Количество значений'!$A$2:$TY$86,MATCH($D$5,'Количество значений'!$A$2:$A$86,0),INDEX('Каталог поиска'!$D$2:$D$998,$F84)),"")) -> 4 | F84: =IFERROR(MATCH(72,'Каталог поиска'!$F$2:$F$998,0),"") -> 72
A85: =IF(F85="","",73) -> 73 | B85: =IF($F85="","",INDEX('Каталог поиска'!$B$2:$B$998,$F85)) -> Set position(+/-) | C85: =IF($F85="","",INDEX('Каталог поиска'!$C$2:$C$998,$F85)) -> BU | D85: =IF(OR($F85="",E85=0,INDEX('Каталог поиска'!$D$2:$D$998,$F85)=0),"",IFERROR(INDEX('По размерам'!$A$2:$TY$86,MATCH($D$5,'По размерам'!$A$2:$A$86,0),INDEX('Каталог поиска'!$D$2:$D$998,$F85)),"")) -> 0.5 | E85: =IF(OR($F85="",INDEX('Каталог поиска'!$D$2:$D$998,$F85)=0),"",IFERROR(INDEX('Количество значений'!$A$2:$TY$86,MATCH($D$5,'Количество значений'!$A$2:$A$86,0),INDEX('Каталог поиска'!$D$2:$D$998,$F85)),"")) -> 4 | F85: =IFERROR(MATCH(73,'Каталог поиска'!$F$2:$F$998,0),"") -> 73
A86: =IF(F86="","",74) -> 74 | B86: =IF($F86="","",INDEX('Каталог поиска'!$B$2:$B$998,$F86)) -> Remarks | C86: =IF($F86="","",INDEX('Каталог поиска'!$C$2:$C$998,$F86)) -> BV | D86: =IF(OR($F86="",E86=0,INDEX('Каталог поиска'!$D$2:$D$998,$F86)=0),"",IFERROR(INDEX('По размерам'!$A$2:$TY$86,MATCH($D$5,'По размерам'!$A$2:$A$86,0),INDEX('Каталог поиска'!$D$2:$D$998,$F86)),"")) | E86: =IF(OR($F86="",INDEX('Каталог поиска'!$D$2:$D$998,$F86)=0),"",IFERROR(INDEX('Количество значений'!$A$2:$TY$86,MATCH($D$5,'Количество значений'!$A$2:$A$86,0),INDEX('Каталог поиска'!$D$2:$D$998,$F86)),"")) | F86: =IFERROR(MATCH(74,'Каталог поиска'!$F$2:$F$998,0),"") -> 74
A87: =IF(F87="","",75) -> 75 | B87: =IF($F87="","",INDEX('Каталог поиска'!$B$2:$B$998,$F87)) -> BEAD set width (mm) | C87: =IF($F87="","",INDEX('Каталог поиска'!$C$2:$C$998,$F87)) -> BW | D87: =IF(OR($F87="",E87=0,INDEX('Каталог поиска'!$D$2:$D$998,$F87)=0),"",IFERROR(INDEX('По размерам'!$A$2:$TY$86,MATCH($D$5,'По размерам'!$A$2:$A$86,0),INDEX('Каталог поиска'!$D$2:$D$998,$F87)),"")) -> 351.5 | E87: =IF(OR($F87="",INDEX('Каталог поиска'!$D$2:$D$998,$F87)=0),"",IFERROR(INDEX('Количество значений'!$A$2:$TY$86,MATCH($D$5,'Количество значений'!$A$2:$A$86,0),INDEX('Каталог поиска'!$D$2:$D$998,$F87)),"")) -> 4 | F87: =IFERROR(MATCH(75,'Каталог поиска'!$F$2:$F$998,0),"") -> 75
A88: =IF(F88="","",76) -> 76 | B88: =IF($F88="","",INDEX('Каталог поиска'!$B$2:$B$998,$F88)) -> BEAD set width (mm) +/- | C88: =IF($F88="","",INDEX('Каталог поиска'!$C$2:$C$998,$F88)) -> BX | D88: =IF(OR($F88="",E88=0,INDEX('Каталог поиска'!$D$2:$D$998,$F88)=0),"",IFERROR(INDEX('По размерам'!$A$2:$TY$86,MATCH($D$5,'По размерам'!$A$2:$A$86,0),INDEX('Каталог поиска'!$D$2:$D$998,$F88)),"")) -> 1 | E88: =IF(OR($F88="",INDEX('Каталог поиска'!$D$2:$D$998,$F88)=0),"",IFERROR(INDEX('Количество значений'!$A$2:$TY$86,MATCH($D$5,'Количество значений'!$A$2:$A$86,0),INDEX('Каталог поиска'!$D$2:$D$998,$F88)),"")) -> 4 | F88: =IFERROR(MATCH(76,'Каталог поиска'!$F$2:$F$998,0),"") -> 76
A89: =IF(F89="","",77) -> 77 | B89: =IF($F89="","",INDEX('Каталог поиска'!$B$2:$B$998,$F89)) -> Band drum item | C89: =IF($F89="","",INDEX('Каталог поиска'!$C$2:$C$998,$F89)) -> BY | D89: =IF(OR($F89="",E89=0,INDEX('Каталог поиска'!$D$2:$D$998,$F89)=0),"",IFERROR(INDEX('По размерам'!$A$2:$TY$86,MATCH($D$5,'По размерам'!$A$2:$A$86,0),INDEX('Каталог поиска'!$D$2:$D$998,$F89)),"")) | E89: =IF(OR($F89="",INDEX('Каталог поиска'!$D$2:$D$998,$F89)=0),"",IFERROR(INDEX('Количество значений'!$A$2:$TY$86,MATCH($D$5,'Количество значений'!$A$2:$A$86,0),INDEX('Каталог поиска'!$D$2:$D$998,$F89)),"")) | F89: =IFERROR(MATCH(77,'Каталог поиска'!$F$2:$F$998,0),"") -> 77
A90: =IF(F90="","",78) -> 78 | B90: =IF($F90="","",INDEX('Каталог поиска'!$B$2:$B$998,$F90)) -> Band drum main unit width | C90: =IF($F90="","",INDEX('Каталог поиска'!$C$2:$C$998,$F90)) -> BZ | D90: =IF(OR($F90="",E90=0,INDEX('Каталог поиска'!$D$2:$D$998,$F90)=0),"",IFERROR(INDEX('По размерам'!$A$2:$TY$86,MATCH($D$5,'По размерам'!$A$2:$A$86,0),INDEX('Каталог поиска'!$D$2:$D$998,$F90)),"")) -> 300 | E90: =IF(OR($F90="",INDEX('Каталог поиска'!$D$2:$D$998,$F90)=0),"",IFERROR(INDEX('Количество значений'!$A$2:$TY$86,MATCH($D$5,'Количество значений'!$A$2:$A$86,0),INDEX('Каталог поиска'!$D$2:$D$998,$F90)),"")) -> 4 | F90: =IFERROR(MATCH(78,'Каталог поиска'!$F$2:$F$998,0),"") -> 78
A91: =IF(F91="","",79) -> 79 | B91: =IF($F91="","",INDEX('Каталог поиска'!$B$2:$B$998,$F91)) -> Band drum width | C91: =IF($F91="","",INDEX('Каталог поиска'!$C$2:$C$998,$F91)) -> CA | D91: =IF(OR($F91="",E91=0,INDEX('Каталог поиска'!$D$2:$D$998,$F91)=0),"",IFERROR(INDEX('По размерам'!$A$2:$TY$86,MATCH($D$5,'По размерам'!$A$2:$A$86,0),INDEX('Каталог поиска'!$D$2:$D$998,$F91)),"")) -> 445 | E91: =IF(OR($F91="",INDEX('Каталог поиска'!$D$2:$D$998,$F91)=0),"",IFERROR(INDEX('Количество значений'!$A$2:$TY$86,MATCH($D$5,'Количество значений'!$A$2:$A$86,0),INDEX('Каталог поиска'!$D$2:$D$998,$F91)),"")) -> 4 | F91: =IFERROR(MATCH(79,'Каталог поиска'!$F$2:$F$998,0),"") -> 79
A92: =IF(F92="","",80) -> 80 | B92: =IF($F92="","",INDEX('Каталог поиска'!$B$2:$B$998,$F92)) -> Gum band item | C92: =IF($F92="","",INDEX('Каталог поиска'!$C$2:$C$998,$F92)) -> CB | D92: =IF(OR($F92="",E92=0,INDEX('Каталог поиска'!$D$2:$D$998,$F92)=0),"",IFERROR(INDEX('По размерам'!$A$2:$TY$86,MATCH($D$5,'По размерам'!$A$2:$A$86,0),INDEX('Каталог поиска'!$D$2:$D$998,$F92)),"")) | E92: =IF(OR($F92="",INDEX('Каталог поиска'!$D$2:$D$998,$F92)=0),"",IFERROR(INDEX('Количество значений'!$A$2:$TY$86,MATCH($D$5,'Количество значений'!$A$2:$A$86,0),INDEX('Каталог поиска'!$D$2:$D$998,$F92)),"")) | F92: =IFERROR(MATCH(80,'Каталог поиска'!$F$2:$F$998,0),"") -> 80
A93: =IF(F93="","",81) -> 81 | B93: =IF($F93="","",INDEX('Каталог поиска'!$B$2:$B$998,$F93)) -> Gum band item (temp) | C93: =IF($F93="","",INDEX('Каталог поиска'!$C$2:$C$998,$F93)) -> CC | D93: =IF(OR($F93="",E93=0,INDEX('Каталог поиска'!$D$2:$D$998,$F93)=0),"",IFERROR(INDEX('По размерам'!$A$2:$TY$86,MATCH($D$5,'По размерам'!$A$2:$A$86,0),INDEX('Каталог поиска'!$D$2:$D$998,$F93)),"")) | E93: =IF(OR($F93="",INDEX('Каталог поиска'!$D$2:$D$998,$F93)=0),"",IFERROR(INDEX('Количество значений'!$A$2:$TY$86,MATCH($D$5,'Количество значений'!$A$2:$A$86,0),INDEX('Каталог поиска'!$D$2:$D$998,$F93)),"")) | F93: =IFERROR(MATCH(81,'Каталог поиска'!$F$2:$F$998,0),"") -> 81
A94: =IF(F94="","",82) -> 82 | B94: =IF($F94="","",INDEX('Каталог поиска'!$B$2:$B$998,$F94)) -> Gum band width | C94: =IF($F94="","",INDEX('Каталог поиска'!$C$2:$C$998,$F94)) -> CD | D94: =IF(OR($F94="",E94=0,INDEX('Каталог поиска'!$D$2:$D$998,$F94)=0),"",IFERROR(INDEX('По размерам'!$A$2:$TY$86,MATCH($D$5,'По размерам'!$A$2:$A$86,0),INDEX('Каталог поиска'!$D$2:$D$998,$F94)),"")) -> 369 | E94: =IF(OR($F94="",INDEX('Каталог поиска'!$D$2:$D$998,$F94)=0),"",IFERROR(INDEX('Количество значений'!$A$2:$TY$86,MATCH($D$5,'Количество значений'!$A$2:$A$86,0),INDEX('Каталог поиска'!$D$2:$D$998,$F94)),"")) -> 4 | F94: =IFERROR(MATCH(82,'Каталог поиска'!$F$2:$F$998,0),"") -> 82
A95: =IF(F95="","",83) -> 83 | B95: =IF($F95="","",INDEX('Каталог поиска'!$B$2:$B$998,$F95)) -> S/W gum band item | C95: =IF($F95="","",INDEX('Каталог поиска'!$C$2:$C$998,$F95)) -> CE | D95: =IF(OR($F95="",E95=0,INDEX('Каталог поиска'!$D$2:$D$998,$F95)=0),"",IFERROR(INDEX('По размерам'!$A$2:$TY$86,MATCH($D$5,'По размерам'!$A$2:$A$86,0),INDEX('Каталог поиска'!$D$2:$D$998,$F95)),"")) | E95: =IF(OR($F95="",INDEX('Каталог поиска'!$D$2:$D$998,$F95)=0),"",IFERROR(INDEX('Количество значений'!$A$2:$TY$86,MATCH($D$5,'Количество значений'!$A$2:$A$86,0),INDEX('Каталог поиска'!$D$2:$D$998,$F95)),"")) | F95: =IFERROR(MATCH(83,'Каталог поиска'!$F$2:$F$998,0),"") -> 83
A96: =IF(F96="","",84) -> 84 | B96: =IF($F96="","",INDEX('Каталог поиска'!$B$2:$B$998,$F96)) -> S/W gum band width | C96: =IF($F96="","",INDEX('Каталог поиска'!$C$2:$C$998,$F96)) -> CF | D96: =IF(OR($F96="",E96=0,INDEX('Каталог поиска'!$D$2:$D$998,$F96)=0),"",IFERROR(INDEX('По размерам'!$A$2:$TY$86,MATCH($D$5,'По размерам'!$A$2:$A$86,0),INDEX('Каталог поиска'!$D$2:$D$998,$F96)),"")) -> 15 | E96: =IF(OR($F96="",INDEX('Каталог поиска'!$D$2:$D$998,$F96)=0),"",IFERROR(INDEX('Количество значений'!$A$2:$TY$86,MATCH($D$5,'Количество значений'!$A$2:$A$86,0),INDEX('Каталог поиска'!$D$2:$D$998,$F96)),"")) -> 4 | F96: =IFERROR(MATCH(84,'Каталог поиска'!$F$2:$F$998,0),"") -> 84
A97: =IF(F97="","",85) -> 85 | B97: =IF($F97="","",INDEX('Каталог поиска'!$B$2:$B$998,$F97)) -> Spacer item | C97: =IF($F97="","",INDEX('Каталог поиска'!$C$2:$C$998,$F97)) -> CG | D97: =IF(OR($F97="",E97=0,INDEX('Каталог поиска'!$D$2:$D$998,$F97)=0),"",IFERROR(INDEX('По размерам'!$A$2:$TY$86,MATCH($D$5,'По размерам'!$A$2:$A$86,0),INDEX('Каталог поиска'!$D$2:$D$998,$F97)),"")) | E97: =IF(OR($F97="",INDEX('Каталог поиска'!$D$2:$D$998,$F97)=0),"",IFERROR(INDEX('Количество значений'!$A$2:$TY$86,MATCH($D$5,'Количество значений'!$A$2:$A$86,0),INDEX('Каталог поиска'!$D$2:$D$998,$F97)),"")) | F97: =IFERROR(MATCH(85,'Каталог поиска'!$F$2:$F$998,0),"") -> 85
A98: =IF(F98="","",86) -> 86 | B98: =IF($F98="","",INDEX('Каталог поиска'!$B$2:$B$998,$F98)) -> Spacer item tepm. | C98: =IF($F98="","",INDEX('Каталог поиска'!$C$2:$C$998,$F98)) -> CH | D98: =IF(OR($F98="",E98=0,INDEX('Каталог поиска'!$D$2:$D$998,$F98)=0),"",IFERROR(INDEX('По размерам'!$A$2:$TY$86,MATCH($D$5,'По размерам'!$A$2:$A$86,0),INDEX('Каталог поиска'!$D$2:$D$998,$F98)),"")) | E98: =IF(OR($F98="",INDEX('Каталог поиска'!$D$2:$D$998,$F98)=0),"",IFERROR(INDEX('Количество значений'!$A$2:$TY$86,MATCH($D$5,'Количество значений'!$A$2:$A$86,0),INDEX('Каталог поиска'!$D$2:$D$998,$F98)),"")) | F98: =IFERROR(MATCH(86,'Каталог поиска'!$F$2:$F$998,0),"") -> 86
A99: =IF(F99="","",87) -> 87 | B99: =IF($F99="","",INDEX('Каталог поиска'!$B$2:$B$998,$F99)) -> Spacer width | C99: =IF($F99="","",INDEX('Каталог поиска'!$C$2:$C$998,$F99)) -> CI | D99: =IF(OR($F99="",E99=0,INDEX('Каталог поиска'!$D$2:$D$998,$F99)=0),"",IFERROR(INDEX('По размерам'!$A$2:$TY$86,MATCH($D$5,'По размерам'!$A$2:$A$86,0),INDEX('Каталог поиска'!$D$2:$D$998,$F99)),"")) -> 72.5 | E99: =IF(OR($F99="",INDEX('Каталог поиска'!$D$2:$D$998,$F99)=0),"",IFERROR(INDEX('Количество значений'!$A$2:$TY$86,MATCH($D$5,'Количество значений'!$A$2:$A$86,0),INDEX('Каталог поиска'!$D$2:$D$998,$F99)),"")) -> 4 | F99: =IFERROR(MATCH(87,'Каталог поиска'!$F$2:$F$998,0),"") -> 87
A100: =IF(F100="","",88) -> 88 | B100: =IF($F100="","",INDEX('Каталог поиска'!$B$2:$B$998,$F100)) -> Drum circum (SIDE/IL) | C100: =IF($F100="","",INDEX('Каталог поиска'!$C$2:$C$998,$F100)) -> CJ | D100: =IF(OR($F100="",E100=0,INDEX('Каталог поиска'!$D$2:$D$998,$F100)=0),"",IFERROR(INDEX('По размерам'!$A$2:$TY$86,MATCH($D$5,'По размерам'!$A$2:$A$86,0),INDEX('Каталог поиска'!$D$2:$D$998,$F100)),"")) -> 1050 | E100: =IF(OR($F100="",INDEX('Каталог поиска'!$D$2:$D$998,$F100)=0),"",IFERROR(INDEX('Количество значений'!$A$2:$TY$86,MATCH($D$5,'Количество значений'!$A$2:$A$86,0),INDEX('Каталог поиска'!$D$2:$D$998,$F100)),"")) -> 4 | F100: =IFERROR(MATCH(88,'Каталог поиска'!$F$2:$F$998,0),"") -> 88
A101: =IF(F101="","",89) -> 89 | B101: =IF($F101="","",INDEX('Каталог поиска'!$B$2:$B$998,$F101)) -> Drum circum (SIDE/IL) +/- | C101: =IF($F101="","",INDEX('Каталог поиска'!$C$2:$C$998,$F101)) -> CK | D101: =IF(OR($F101="",E101=0,INDEX('Каталог поиска'!$D$2:$D$998,$F101)=0),"",IFERROR(INDEX('По размерам'!$A$2:$TY$86,MATCH($D$5,'По размерам'!$A$2:$A$86,0),INDEX('Каталог поиска'!$D$2:$D$998,$F101)),"")) -> 2 | E101: =IF(OR($F101="",INDEX('Каталог поиска'!$D$2:$D$998,$F101)=0),"",IFERROR(INDEX('Количество значений'!$A$2:$TY$86,MATCH($D$5,'Количество значений'!$A$2:$A$86,0),INDEX('Каталог поиска'!$D$2:$D$998,$F101)),"")) -> 4 | F101: =IFERROR(MATCH(89,'Каталог поиска'!$F$2:$F$998,0),"") -> 89
A102: =IF(F102="","",90) -> 90 | B102: =IF($F102="","",INDEX('Каталог поиска'!$B$2:$B$998,$F102)) -> Drum circum (MAX) | C102: =IF($F102="","",INDEX('Каталог поиска'!$C$2:$C$998,$F102)) -> CL | D102: =IF(OR($F102="",E102=0,INDEX('Каталог поиска'!$D$2:$D$998,$F102)=0),"",IFERROR(INDEX('По размерам'!$A$2:$TY$86,MATCH($D$5,'По размерам'!$A$2:$A$86,0),INDEX('Каталог поиска'!$D$2:$D$998,$F102)),"")) -> 1144 | E102: =IF(OR($F102="",INDEX('Каталог поиска'!$D$2:$D$998,$F102)=0),"",IFERROR(INDEX('Количество значений'!$A$2:$TY$86,MATCH($D$5,'Количество значений'!$A$2:$A$86,0),INDEX('Каталог поиска'!$D$2:$D$998,$F102)),"")) -> 4 | F102: =IFERROR(MATCH(90,'Каталог поиска'!$F$2:$F$998,0),"") -> 90
A103: =IF(F103="","",91) -> 91 | B103: =IF($F103="","",INDEX('Каталог поиска'!$B$2:$B$998,$F103)) -> Drum circum (MAX) +/- | C103: =IF($F103="","",INDEX('Каталог поиска'!$C$2:$C$998,$F103)) -> CM | D103: =IF(OR($F103="",E103=0,INDEX('Каталог поиска'!$D$2:$D$998,$F103)=0),"",IFERROR(INDEX('По размерам'!$A$2:$TY$86,MATCH($D$5,'По размерам'!$A$2:$A$86,0),INDEX('Каталог поиска'!$D$2:$D$998,$F103)),"")) -> 2 | E103: =IF(OR($F103="",INDEX('Каталог поиска'!$D$2:$D$998,$F103)=0),"",IFERROR(INDEX('Количество значений'!$A$2:$TY$86,MATCH($D$5,'Количество значений'!$A$2:$A$86,0),INDEX('Каталог поиска'!$D$2:$D$998,$F103)),"")) -> 4 | F103: =IFERROR(MATCH(91,'Каталог поиска'!$F$2:$F$998,0),"") -> 91
A104: =IF(F104="","",92) -> 92 | B104: =IF($F104="","",INDEX('Каталог поиска'!$B$2:$B$998,$F104)) -> Bead chuck flange | C104: =IF($F104="","",INDEX('Каталог поиска'!$C$2:$C$998,$F104)) -> CN | D104: =IF(OR($F104="",E104=0,INDEX('Каталог поиска'!$D$2:$D$998,$F104)=0),"",IFERROR(INDEX('По размерам'!$A$2:$TY$86,MATCH($D$5,'По размерам'!$A$2:$A$86,0),INDEX('Каталог поиска'!$D$2:$D$998,$F104)),"")) | E104: =IF(OR($F104="",INDEX('Каталог поиска'!$D$2:$D$998,$F104)=0),"",IFERROR(INDEX('Количество значений'!$A$2:$TY$86,MATCH($D$5,'Количество значений'!$A$2:$A$86,0),INDEX('Каталог поиска'!$D$2:$D$998,$F104)),"")) | F104: =IFERROR(MATCH(92,'Каталог поиска'!$F$2:$F$998,0),"") -> 92
A105: =IF(F105="","",93) -> 93 | B105: =IF($F105="","",INDEX('Каталог поиска'!$B$2:$B$998,$F105)) -> Bead set holder | C105: =IF($F105="","",INDEX('Каталог поиска'!$C$2:$C$998,$F105)) -> CO | D105: =IF(OR($F105="",E105=0,INDEX('Каталог поиска'!$D$2:$D$998,$F105)=0),"",IFERROR(INDEX('По размерам'!$A$2:$TY$86,MATCH($D$5,'По размерам'!$A$2:$A$86,0),INDEX('Каталог поиска'!$D$2:$D$998,$F105)),"")) | E105: =IF(OR($F105="",INDEX('Каталог поиска'!$D$2:$D$998,$F105)=0),"",IFERROR(INDEX('Количество значений'!$A$2:$TY$86,MATCH($D$5,'Количество значений'!$A$2:$A$86,0),INDEX('Каталог поиска'!$D$2:$D$998,$F105)),"")) | F105: =IFERROR(MATCH(93,'Каталог поиска'!$F$2:$F$998,0),"") -> 93
...

Sheet Обзор
B2: ПАРАМЕТРЫ ПО SIZE
B4: Единая таблица средних параметров из файлов 1st и 2st
B7: 85 размеров | D7: 534 параметра
B11: Открыть сводную таблицу →
B14: 1. Откройте сводную таблицу и выберите нужный Size через фильтр первого столбца.
B16: 2. Тёмно-синие заголовки — параметры 1st, синие — параметры 2st. Size закреплён при прокрутке.
B18: 3. Количество значений для каждого среднего доступно на отдельном листе.
B21: Количество значений → | D21: Инструкция →
B24: Средние описывают исходную выборку. Пустые и текст пропускаются; нули учитываются.
B27: Поиск параметров: выбор 1ST / 2ST →

Sheet По размерам
A1: Size | B1: 1st | Строк исходных данных | C1: 1st | Рисунок | D1: 1st | Оборудование | E1: 1st | Группа | F1: 1st | Building Size | G1: 1st | AE | Set position | H1: 1st | AF | Set position(+/-) | I1: 1st | AJ | Set position | J1: 1st | AL | Set position(+/-) | K1: 1st | AR | Set position | L1: 1st | AS | Set position(+/-) | M1: 1st | AY | Set position | N1: 1st | AZ | Set position(+/-) | O1: 1st | BF | Set position | P1: 1st | BG | Set position(+/-) | Q1: 1st | BM | Set position | R1: 1st | BN | Set position(+/-) | S1: 1st | BT | Set position | T1: 1st | BU | Set position(+/-) | U1: 1st | BW | BEAD set width (mm) | V1: 1st | BX | BEAD set width (mm) +/- | W1: 1st | BZ | Band drum main unit width | X1: 1st | CA | Band drum width | Y1: 1st | CD | Gum band width | Z1: 1st | CF | S/W gum band width | AA1: 1st | CI | Spacer width | AB1: 1st | CJ | Drum circum (SIDE/IL) | AC1: 1st | CK | Drum circum (SIDE/IL) +/- | AD1: 1st | CL | Drum circum (MAX) | AE1: 1st | CM | Drum circum (MAX) +/- | AF1: 1st | CT | IL width | AG1: 1st | CU | IL width +/- | AH1: 1st | CV | IL Angle gauge | AI1: 1st | CW | IL Length circum | AJ1: 1st | CX | IL Mass | AK1: 1st | CZ | CCH width | AL1: 1st | DA | CCH width +/- | AM1: 1st | DB | CCH gauge | AN1: 1st | DC | CCH Length circum | AO1: 1st | DD | CCH Mass | AP1: 1st | DF | 1P width | AQ1: 1st | DG | 1P width +/- | AR1: 1st | DH | 1P gauge | AS1: 1st | DI | 1P Length circum | AT1: 1st | DJ | 1P Mass | AU1: 1st | DL | 2P width | AV1: 1st | DM | 2P width +/- | AW1: 1st | DN | 2P gauge | AX1: 1st | DO | 2P Length circum | AY1: 1st | DP | 2P Mass | AZ1: 1st | DR | FL width | BA1: 1st | DS | FL width +/- | BB1: 1st | DT | FL gauge | BC1: 1st | DU | FL Length circum Value is temp | BD1: 1st | DV | FL Mass | BE1: 1st | DX | BD width(Diameter) | BF1: 1st | EA | BD Length circum | BG1: 1st | EB | BD Mass | BH1: 1st | ED | BF width | BI1: 1st | EE | BF width +/- | BJ1: 1st | EG | BF Length circum | BK1: 1st | EH | BF Mass | BL1: 1st | EJ | TPI width | BM1: 1st | EK | TPI width +/- | BN1: 1st | EN | TPI Mass | BO1: 1st | EQ | SIDE width | BP1: 1st | ER | SIDE width +/- | BQ1: 1st | ES | SIDE Angle gauge | BR1: 1st | ET | SIDE Length circum | BS1: 1st | EU | SIDE Mass(g/m) | BT1: 1st | EV | SIDE Mass Tire | BU1: 1st | EX | AGS width | BV1: 1st | EY | AGS width +/- | BW1: 1st | EZ | AGS Angle gauge | BX1: 1st | FA | AGS Length circum | BY1: 1st | FB | AGS Mass | BZ1: 1st | FC | AGS Mass tire | CA1: 1st | FE | 2NDBF width | CB1: 1st | FF | 2NDBF width +/- | CC1: 1st | FI | 2NDBF Mass | CD1: 1st | FL | 1P B1 Gauge | CE1: 1st | FM | 1P B1 Width-1 | CF1: 1st | FN | 1P B1 Set-1 | CG1: 1st | FO | 1P B1 Width-2 | CH1: 1st | FP | 1P B1 Set-2 | CI1: 1st | FS | 1P T1 Gauge | CJ1: 1st | FT | 1P T1 Width-1 | CK1: 1st | FU | 1P T1 Set-1 | CL1: 1st | FV | 1P T1 Width-2 | CM1: 1st | FW | 1P T1 Set-2 | CN1: 1st | FZ | 1P TPI Gauge | CO1: 1st | GA | 1P TPI Width | CP1: 1st | GB | 1P TPI Set | CQ1: 1st | GH | 1P T2 Gauge | CR1: 1st | GI | 1P T2 Width-1 | CS1: 1st | GJ | 1P T2 Set-1 | CT1: 1st | GS | 2P T1 Gauge | CU1: 1st | GT | 2P T1 Width-1 | CV1: 1st | GU | 2P T1 Set-1 | CW1: 1st | GV | 2P T1 Width-2 | CX1: 1st | GW | 2P T1 Set-2 | CY1: 1st | GZ | 2P T2 Gauge | CZ1: 1st | HA | 2P T2 Width-1 | DA1: 1st | HB | 2P T2 Set-1 | DB1: 1st | HC | SQ Gauge +/- | DC1: 1st | HD | SQ Width-1 +/- | DD1: 1st | HE | SQ Set-1 +/- | DE1: 1st | HF | SQ Width-2 +/- | DF1: 1st | HG | SQ Set-2 +/- | DG1: 1st | HH | SQ Width-3 +/- | DH1: 1st | HI | SideWidth | DI1: 1st | HJ | Side Width +/- | DJ1: 1st | HK | AGS set | DK1: 1st | HL | AGS set +/- | DL1: 1st | HM | TPI set | DM1: 1st | HN | TPI set +/- | DN1: 1st | HO | SIDE set | DO1: 1st | HP | SIDE set +/- | DP1: 1st | HQ | 2NDBF set | DQ1: 1st | HR | 2NDBF set +/- | DR1: 1st | HS | Band Mass | DS1: 1st | HT | Band Mass +/- | DT1: 1st | HU | Auto1 ST p1 | DU1: 1st | HW | Coefficient | DV1: 1st | HX | Auto1 ST p3 | DW1: 1st | HY | ST Pressure(High) (Mpa) | DX1: 1st | IA | ST Pressure(Low)(Mpa) | DY1: 1st | IB | IL | DZ1: 1st | IC | SIDE | EA1: 1st | ID | 1PLY | EB1: 1st | IE | 2PLY | EC1: 1st | IF | FLIPPER | ED1: 1st | IP | R1006 Tire Size (Inch) | EE1: 1st | IV | R1012 Band Drum Circumference (mm) | EF1: 1st | IW | R1013 Bead Lock Width (mm) | EG1: 1st | IX | R1014 KB Drum Expansion diameter(2P Down Apply) (mm) | EH1: 1st | IY | R1015 KB Drum Segment Width (mm) | EI1: 1st | JD | R1020 I/L Length Measuring Data (mm) | EJ1: 1st | JE | R1021 BP#1 Length Measuring Data (mm) | EK1: 1st | JF | R1022 BP#2 Length Measuring Data (mm) | EL1: 1st | JG | R1023 S/W Length Measuring Data (mm) | EM1: 1st | JH | R1024 RFT Length Measuring Data (mm) | EN1: 1st | JJ | R1026 USR PLY-ST Start Position (mm) | EO1: 1st | JK | R1027 USR PLY-ST End Position (mm) | EP1: 1st | JL | R1028 USR RFT-ST Start Position (mm) | EQ1: 1st | JM | R1029 S/W Out Side Width (mm) | ER1: 1st | JN | R1030 I/L Width (mm) | ES1: 1st | JO | R1031 BP1 Width (mm) | ET1: 1st | JP | R1032 BP2 Width (mm) | EU1: 1st | JQ | R1033 FL Width (mm) | EV1: 1st | JR | R1034 S/W Width Inside Guide Position (mm) | EW1: 1st | JS | R1035 S/W Width (mm) | EX1: 1st | JT | R1036 RFT Width (mm) | EY1: 1st | JU | R1037 RFT Width Inside Guide Position (mm) | EZ1: 1st | JV | R1038 Bead Width (mm) | FA1: 1st | JW | R1039 FL Width Check Position (mm) | FB1: 1st | JX | R1040 C-CH Outside Set Position (mm) | FC1: 1st | JY | R1041 Bead Lock Position (degree) | FD1: 1st | JZ | R1042 S/W Apply Start (degree) | FE1: 1st | KA | R1043 BP#2 Apply Start Spotting (degree) | FF1: 1st | KB | R1044 BP#1 Apply Start Spotting (degree) | FG1: 1st | KC | R1045 FL Apply Start Spotting (degree) | FH1: 1st | KD | R1046 GC Take Out Spotting (degree) | FI1: 1st | KE | R1047 RFT start Spotting (degree) | FJ1: 1st | KF | R1048 BAND Takeout Drum Expand Time (0,1sec.) | FK1: 1st | KG | R1049 BAND Takeout Drum Collapse Time (0,1sec.) | FL1: 1st | KH | R1050 S/W Tip Jam Time (0,1sec.) | FM1: 1st | KI | R1051 S/W Rear Jam Time (0,1sec.) | FN1: 1st | KJ | R1052 RFT Front Press Time (0,1sec.) | FO1: 1st | KK | R1053 S/W Tip Heating Time (0,1sec.) | FP1: 1st | KL | R1054 S/W Rear Heating Time (0,1sec.) | FQ1: 1st | KM | R1055 RFT Tip Heating Time (0,1sec.) | FR1: 1st | KN | R1056 RFT Rear Heating Time (0,1sec.) | FS1: 1st | KR | R1060 UST LowSpeed (10m/min) | FT1: 1st | KS | R1061 UST HighSpeed (10m/min) | FU1: 1st | KT | R1062 BAND Drum.S/W speed (10m/min) | FV1: 1st | KV | R1064 USR 2P-Up/Down Stitching Start Position (mm) | FW1: 1st | KW | R1065 USR 2P-Up/Down Stitching End Position (mm) | FX1: 1st | KX | R1066 USR Side Stitching Start Position (mm) | FY1: 1st | KY | R1067 USR Side Stitching Turn Position (mm) | FZ1: 1st | KZ | R1068 USR Side Stitching End Position (mm) | GA1: 1st | LA | R1069 USR Side Roll Stitching Start Position (mm) | GB1: 1st | LB | R1070 USR Side Roll Stitching End Position (mm) | GC1: 1st | LC | R1071 B/S PLY Turn Up Start Position (mm) | GD1: 1st | LD | R1072 B/S PLY Turn Up End Position (mm) | GE1: 1st | LE | R1073 PLY Turn Up B/S Start Delay Timer (0,1sec.) | GF1: 1st | LF | R1074 PLY Turn Up Bladder Inflate Time (0,1sec.) | GG1: 1st | LG | R1075 PLY Turn Up Bladder Inflate Lock Time (0,1sec.) | GH1: 1st | LH | R1076 PLY Turn Up Bladder Exhaust time (0,1sec.) | GI1: 1st | LI | R1077 PLY Turn Up B/S Return Delay Timer (0,1sec.) | GJ1: 1st | LJ | R1078 B/S Bead Lock Time (sec.) | GK1: 1st | LK | R1079 Gum band width | GL1: 1st | LV | I/L Press Balance Offset (degree) | GM1: 1st | LW | I/L Press Applyer CV Pushing Range (mm, 0.1mm) | GN1: 1st | LX | R1092 USR Middle Stop Position (mm) | GO1: 1st | LY | R1093 USR Middle Stop Time (sec.) | GP1: 1st | LZ | R1094 USR Speed change position (mm) | GQ1: 1st | PG | M/C mode (1:K1S / 2:KBN2) | GR1: 1st | PX | BOM_SIDE_PARTID | GS1: 1st | PY | BOM_SIDE_MACHINEGROUP | GT1: 1st | QA | BOM_SIDE_REVISIONNO | GU1: 1st | QB | BOM_SIDE_LENGTH | GV1: 1st | QC | BOM_IL_PARTID | GW1: 1st | QD | BOM_IL_MACHINEGROUP | GX1: 1st | QF | BOM_IL_REVISIONNO | GY1: 1st | QG | BOM_IL_LENGTH | GZ1: 1st | QH | BOM_CCH_PARTID | HA1: 1st | QI | BOM_CCH_MACHINEGROUP | HB1: 1st | QK | BOM_CCH_REVISIONNO | HC1: 1st | QL | BOM_CCH_LENGTH | HD1: 1st | QM | BOM_PLY1_PARTID | HE1: 1st | QN | BOM_PLY1_MACHINEGROUP | HF1: 1st | QP | BOM_PLY1_REVISIONNO | HG1: 1st | QQ | BOM_PLY1_LENGTH | HH1: 1st | QR | BOM_PLY2_PARTID | HI1: 1st | QS | BOM_PLY2_MACHINEGROUP | HJ1: 1st | QU | BOM_PLY2_REVISIONNO | HK1: 1st | QV | BOM_PLY2_LENGTH | HL1: 1st | QW | BOM_BDBF_PARTID | HM1: 1st | QX | BOM_BDBF_MACHINEGROUP | HN1: 1st | QZ | BOM_BDBF_REVISIONNO | HO1: 1st | RA | BOM_FL_PARTID | HP1: 1st | RB | BOM_FL_MACHINEGROUP | HQ1: 1st | RD | BOM_FL_REVISIONNO | HR1: 1st | RE | BOM_FL_LENGTH | HS1: 1st | RF | REF_PLYSQ1_REVISIONNO | HT1: 1st | RG | REF_PLYTPI1_REVISIONNO | HU1: 1st | RH | REF_PLYSQ2_REVISIONNO | HV1: 1st | RI | REF_PLYTPI2_REVISIONNO | HW1: 1st | RJ | REF_BEAD_REVISIONNO | HX1: 1st | RK | REF_CCH_TREAT_REVISIONNO | HY1: 1st | RL | REF_PLY1_TREAT_REVISIONNO | HZ1: 1st | RM | REF_PLU2_TREAT_REVISIONNO | IA1: 1st | RN | REF_FL_TREAT_REVISIONNO | IB1: 1st | RO | IL Mass | IC1: 1st | RP | CCH Mass | ID1: 1st | RQ | PLY1 - Mass | IE1: 1st | RR | PLY2 - Mass | IF1: 1st | RS | FL Mass | IG1: 1st | RT | BEAD - Mass | IH1: 1st | RU | BBF - Mass | II1: 1st | RX | S/W gum band width1 | IJ1: 1st | RY | S/W gauge criteria | IK1: 1st | SA | S/W gum band width2 | IL1: 1st | SD | PLYSQ1S_REVISIONNO | IM1: 1st | SG | PLYSQ2S_REVISIONNO | IN1: 1st | SH | IL_COEFFICIENT | IO1: 1st | SI | 1P_COEEFICIENT | IP1: 1st | SJ | 2P_COEEFICIENT | IQ1: 1st | SK | SIDE_ADJUSTMENT | IR1: 1st | SL | PRD_CODE_INVALID | IS1: 1st | SM | PLY1_TPI_REQUIRED | IT1: 1st | SN | PLY2_TPI_REQUIRED | IU1: 1st | SO | SIDE_DATA_INVALID | IV1: 1st | SP | IL_DATA_INVALID | IW1: 1st | SQ | CCH_DATA_INVALID | IX1: 1st | SR | CCH_REVISION_INVALID | IY1: 1st | SS | PLY1_DATA_INVALID | IZ1: 1st | ST | PLY2_DATA_INVALID | JA1: 1st | SU | PLY2_REVISION_INVALID | JB1: 1st | SV | FL_DATA_INVALID | JC1: 1st | SW | FL_REVISION_INVALID | JD1: 1st | SX | BDBF_DATA_INVALID | JE1: 1st | SY | CCH_REQUIRED | JF1: 1st | SZ | PLY2_REQUIRED | JG1: 1st | TA | FL_REQUIRED | JH1: 1st | TB | PROCESS1ST_056_UNIT:10M/MIN | JI1: 1st | TC | PROCESS1ST_057_UNIT:10M/MIN | JJ1: 1st | TD | Bead width(mm) | JK1: 1st | TN | Check building MC with spec data bank Size_TYPE | JL1: 2st | Строк исходных данных | JM1: 2st | Рисунок | JN1: 2st | Оборудование | JO1: 2st | Группа | JP1: 2st | Building Size | JQ1: 2st | AC | Set position | JR1: 2st | AF | Mass | JS1: 2st | AW | SL Pitch | JT1: 2st | AX | Layer set P1 | JU1: 2st | AY | Layer set P2 | JV1: 2st | AZ | Layer set P3 | JW1: 2st | BA | Layer set P4 | JX1: 2st | BB | Layer set P5 | JY1: 2st | BC | Layer set P6 | JZ1: 2st | BH | Layer set A | KA1: 2st | BI | Layer set B | KB1: 2st | BJ | Layer set C | KC1: 2st | BK | Layer set D | KD1: 2st | BL | Layer set E | KE1: 2st | BM | Layer set F | KF1: 2st | BN | Layer set G | KG1: 2st | BO | Layer set H | KH1: 2st | BP | Layer set I | KI1: 2st | BR | Layer set K | KJ1: 2st | BS | Layer set L | KK1: 2st | BT | BT Drum - Circumference | KL1: 2st | CV | MSE (Form center) | KM1: 2st | CW | MSE (Form center) +/- | KN1: 2st | CX | NON DT Side ending (From center) | KO1: 2st | CY | NON DT Side ending (From center) +/- | KP1: 2st | CZ | PLY Turn up (From center) | KQ1: 2st | DA | PLY Turn up (From center) +/- | KR1: 2st | DB | GT Mass(g) | KS1: 2st | DC | GT Mass(g) +/- | KT1: 2st | DD | GT width | KU1: 2st | DE | GT Circurmference standard | KV1: 2st | DF | GT Circurmference track record (trial) | KW1: 2st | DG | GT Circurmference maximum | KX1: 2st | DH | AGS position | KY1: 2st | DI | Green case circumference on turn up width | KZ1: 2st | DK | 1st Belt Width | LA1: 2st | DM | 1st Belt Angle | LB1: 2st | DN | Belt 1 gauge(mm) | LC1: 2st | DO | Coefficient 1Belt for length | LD1: 2st | DP | 1st Belt Length | LE1: 2st | DQ | 1st Belt Mass | LF1: 2st | DS | 2nd Belt Width | LG1: 2st | DU | 2nd Belt Angle | LH1: 2st | DV | Belt 2 gauge(mm) | LI1: 2st | DW | Coefficient 2Belt for length | LJ1: 2st | DX | 2nd Belt Length | LK1: 2st | DY | 2nd Belt Mass | LL1: 2st | EA | Beg Width for 1Belt | LM1: 2st | EC | Beg gauge for 1Belt | LN1: 2st | ED | Beg Length for 1 Belt | LO1: 2st | EE | Beg Mass for 1 Belt | LP1: 2st | EG | Beg Width for 2Belt | LQ1: 2st | EI | Beg gauge for 2Belt | LR1: 2st | EJ | Beg Length for 2Belt | LS1: 2st | EK | Beg Mass for 2Belt | LT1: 2st | EM | Spiral Belt Width | LU1: 2st | EN | Spiral Belt Width +/- | LV1: 2st | EO | Spiral Belt Gauge | LW1: 2st | EP | Circumrerence for SPL | LX1: 2st | EQ | Spiral Belt Length 1st Lay | LY1: 2st | ER | Spiral Belt Length 2nd Lay (Require P3) | LZ1: 2st | ES | Spiral Belt Length 3rd Lay (Require P4,P5) | MA1: 2st | ET | Spiral Belt Length 4th Lay (Require P6) | MB1: 2st | EU | Coefficient SPL for length | MC1: 2st | EV | Spiral Belt Length | MD1: 2st | EW | Spiral Belt Mass | ME1: 2st | EY | Cap Width | MF1: 2st | FA | Cap Gauge | MG1: 2st | FB | Coefficient TOP for length | MH1: 2st | FC | Consider SPL for TOP Length | MI1: 2st | FD | Cap Length | MJ1: 2st | FE | Cap Mass | MK1: 2st | FG | Base Width | ML1: 2st | FI | Base gauge | MM1: 2st | FJ | Base Length | MN1: 2st | FK | Base Mass | MO1: 2st | FP | Mini side Length | MP1: 2st | FQ | Mini side Mass | MQ1: 2st | FS | TUC Width | MR1: 2st | FU | TUC gauge | MS1: 2st | FV | TUC Length | MT1: 2st | FW | TUC Mass | MU1: 2st | FY | Antenna Position | MV1: 2st | GB | Antenna Length | MW1: 2st | GC | Antenna Mass | MX1: 2st | GD | TOP Total Mass | MY1: 2st | GN | Position (Hump line) | MZ1: 2st | GQ | Position (Center) | NA1: 2st | GV | Gauge (Center) | NB1: 2st | GW | Gauge (Hump) | NC1: 2st | GX | Gauge (Side) | ND1: 2st | GY | Shoulder width | NE1: 2st | GZ | Shoulder width +/- | NF1: 2st | HA | width | NG1: 2st | HB | width +/- | NH1: 2st | HC | length | NI1: 2st | HD | length +/- | NJ1: 2st | HM | R1006 Tire Size (Inch) | NK1: 2st | HR | R1011 NO6 ST SPECIFICATION (AFTER S/W TURN UP) | NL1: 2st | HS | R1012 BT Circumference(mm) | NM1: 2st | HT | R1013 O-ring Offset Value(mm) | NN1: 2st | HY | R1018 TREAD Not Use Length (mm) | NO1: 2st | HZ | R1019 BELT Stabilizer Ply Angle | NP1: 2st | IA | R1020 1BELT Stabilizer Ply Length (mm) | NQ1: 2st | IB | R1021 2BELT Stabilizer Ply Length (mm) | NR1: 2st | IC | R1022 3BELT Stabilizer Ply Length (mm) | NS1: 2st | ID | R1023 TREAD Length Measuring Data for Cut (mm) | NT1: 2st | IE | R0124 TREAD Length Measuring Data for Apply (mm) | NU1: 2st | IF | R1025 1BELT Stabilizer Ply Width (mm) | NV1: 2st | IG | R1026 2BELT Stabilizer Ply Width (mm) | NW1: 2st | IH | R1027 TREAD Width (mm) | NX1: 2st | IJ | R1029 Tread Heating Time (sec) | NY1: 2st | IM | R1032 2BELT SP Application Start Spotting (degree) | NZ1: 2st | IN | R1033 Spairal Layer Application1 Start Spotting (degree) | OA1: 2st | IO | R1034 Spairal Layer Application2 Start Spotting (degree) | OB1: 2st | IP | R1035 Tread Apply Start Spotting (degree) | OC1: 2st | IQ | R1036 Shaping Drum Balance Offset (degree) | OD1: 2st | IR | R1037 Shaping Drum GT Take Out Spotting (degree) | OE1: 2st | IT | R1039 BT Take Out Spotting (degree) | OF1: 2st | IU | R1040 SPL L&R Head Offset (L-Head based) (mm) | OG1: 2st | IV | R1041 Spiral Layer Pitch (mm) | OH1: 2st | IW | R1042 SPL Position 1 (mm) | OI1: 2st | IX | R1043 SPL Position 2 (mm) | OJ1: 2st | IY | R1044 SPL Position 3 (mm) | OK1: 2st | IZ | R1045 SPL Position 4 (mm) | OL1: 2st | JA | R1046 SPL Position 5 (mm) | OM1: 2st | JB | R1047 SPL Position 6 (mm) | ON1: 2st | JC | R1048 SPL Position 7 (mm) | OO1: 2st | JD | R1049 SPL Position 8 (mm) | OP1: 2st | JE | R1050 SPL Position 9 (mm) | OQ1: 2st | JF | R1051 SPL Position 10 (mm) | OR1: 2st | JG | R1052 GAP Spiral Layer Pitch (Layer Width+GAP Width) (mm) | OS1: 2st | JH | R1053 GAP Change Position (mm) | OT1: 2st | JI | R1054 SHAPING Drum Width Bead Lock Pos(Maximum Width) (mm) | OU1: 2st | JJ | R1055 SHAPING Drum Width Middle Shape Position (mm) | OV1: 2st | JK | R1056 SHAPING Drum Width DT S/W Turn Up Position (mm) | OW1: 2st | JL | R1057 SHAPING Drum Width BT Insert Position (mm) | OX1: 2st | JM | R1058 SHAPING Drum Width Full Shap Position (mm) | OY1: 2st | JP | R1061 Top Tread Stitcher Start Position (mm) | OZ1: 2st | JQ | R1062 Top Tread Stitcher End Position (mm) | PA1: 2st | JR | R1063 S/W Stitcher Start Position(Front/Rear) (mm) | PB1: 2st | JS | R1064 S/W Stitcher End Position(Front/Rear) (mm) | PC1: 2st | JT | R1065 BF Stitcher Start Position (mm) | PD1: 2st | JU | R1066 BF Stitcher End Position (mm) | PE1: 2st | JV | R1067 S/W Stitcher Traverse Intrpolation Start Pos(Frnt/Rr) (mm) | PF1: 2st | JW | R1068 S/W Stitcher Traverse End Pos(=0 Not Traverse) (mm) | PG1: 2st | KF | R1077 SHAPING Bladder High Pressure (MPa) Max 0.5MPa | PH1: 2st | KG | R1078 SHAPING Bladder Low Pressure (MPa) Max 0.5MPa | PI1: 2st | KM | R1084 Tread Stitcher In Wait Timer (sec.) | PJ1: 2st | KN | R1085 SHAPING Bladder Low Pressure Timer (Insert) (sec.) | PK1: 2st | KO | R1086 Upper Bladder Expand Wait Timer (Middle) (sec.) | PL1: 2st | KP | R1087 Upper Bladder Expand Timer (Middle) (sec.) | PM1: 2st | KQ | R1088 SHAPING Drum Width Move Wait Timer From Max to Inside (mm) | PN1: 2st | KR | R1089 Segment Extend Timer (sec.) | PO1: 2st | KS | R1090 SHAPING Bladder Low Pressure Wait Timer (Middle) (sec) | PP1: 2st | KT | R1091 SHAPING Bladder Low Pressure Timer (Middle) (sec.) | PQ1: 2st | KU | R1092 Upper Bladder Expand Wait Timer (Full) (sec.) | PR1: 2st | KV | R1093 Upper Bladder Expand Timer (Full) (sec.) | PS1: 2st | KW | R1094 SHAPING Drum Width Move Wait Time(When Full Shap) (sec) | PT1: 2st | KX | R1095 SHAPING Drum Width Move Wait Time-From Segm Exp.Width(sec) | PU1: 2st | KY | R1096 SHAPING Bladder High Pressure Wait Timer(Full) (sec.) | PV1: 2st | KZ | R1097 Upper Bladder Expand Timer (Turn-Up) (sec.) | PW1: 2st | LA | R1098 Upper Bladder Exhaust Wait Time (Turn-Up) (sec.) | PX1: 2st | LB | R1099 Upper/Lower Bladder Expand/Exhaust Time(Turn-Up) (sec.) | PY1: 2st | LC | R1100 Lower Bladder Expand Wait Timer (Turn-Up) (sec.) | PZ1: 2st | LD | R1101 Lower Bladder Expand Timer (Turn-Up) (sec.) | QA1: 2st | LE | R1102 Lower Bladder Expand/Exhaust Wait Time (Turn-Up) (sec.) | QB1: 2st | LF | R1103SHAPING Drum Width Move Wait Timer(When DT Turn Up) (sec.) | QC1: 2st | LG | R1104 SHAPING Bladder Low Pressure Wait Timer(Turn-Up) (sec.) | QD1: 2st | LH | R1105 SHAPING Bladder Low Pressure Timer (Turn-Up) (sec.) | QE1: 2st | LJ | R1107 Outer Turn-Up Bladder 2nd Exhaust Wait Time(Turn-Up)(sec.) | QF1: 2st | LK | R1108 Bladder Vacuum Time (sec.) | QG1: 2st | LL | R1109 Bladder Deflate Time (sec.) | QH1: 2st | LM | R1110 SHAPING Drum Width Expansion Delay Time (0,1sec.) | QI1: 2st | LN | R1111 O-ring Close Delay Time (sec.) | QJ1: 2st | LO | R1112 Bead Lock Collapse Delay Time (sec.) | QK1: 2st | LP | R1113 Rim Guard DT SHAPING Pre-exaust Time (sec.) | QL1: 2st | LQ | R1114 Outer Turn-Up Bladder 2nd Exhaust Time (Turn-Up) (sec.) | QM1: 2st | LW | R1120 Mechanical Drum Left Turn-Up Arm Out (sec.) | QN1: 2st | LX | R1121 Mechanical Drum Right Turn-Up Arm Out (sec.) | QO1: 2st | LY | R1122 Mechanical Drum Left Turn-Up Arm Return (sec.) | QP1: 2st | LZ | R1123 Mechanical Drum Right Turn-Up Arm Retrun (sec.) | QQ1: 2st | MB | R1125 GT Take Quick Exhaust Wait Time (sec.) | QR1: 2st | MG | R1130 BT Drum 1B Apply Speed (rpm) | QS1: 2st | MH | R1131 BT Drum 2B Apply Speed (rpm) | QT1: 2st | MI | R1132 BT Drum SPLay Apply Low Speed (rpm) | QU1: 2st | MJ | R1133 BT Drum SPLay Apply Hi Speed (rpm) | QV1: 2st | MK | R1134 BT Drum TREAD Apply Speed (rpm) | QW1: 2st | MM | R1136 SHAPING Drum Pre-expansion (mm) | QX1: 2st | MQ | R1140 FR Drum Width GC Maximum Position (mm) | QY1: 2st | MR | R1141 FR Drum Width Poly-Liner Take Out Position (mm) | QZ1: 2st | MS | R1142 FR Bladder Vacuum Time (GC Insert) (sec.) | RA1: 2st | MT | R1143 FR Bladder High Pressure Time (Middle) (sec.) | RB1: 2st | MU | R1144 FR Bladder Pressure Change Delay Time (Middle) (sec.) | RC1: 2st | MV | R1145 FR Bladder Low Pressure Time (Middle) (sec.) | RD1: 2st | MW | R1146 FR Width Move Delay Time (Middle) (sec.) | RE1: 2st | MX | R1147 FR Bead Lock Pressure Change Delay Time (Full) (sec.) | RF1: 2st | MY | R1148 FR Bead Lock High Pressure Time (Full) (sec.) | RG1: 2st | MZ | R1149 FR Bladder Low Pressure Time (Full) (sec.) | RH1: 2st | NA | R1150 FR Bladder High Pressure Change Delay Time (Full) (sec.) | RI1: 2st | NB | R1151 O-Ring Expand Delay Time (Full) (sec.) | RJ1: 2st | NC | R1152 FR Width GT Take Out Width Mov Delay Time (sec.) | RK1: 2st | ND | R1153 FR Bladder Exhaust Time (GT Take Out) (sec.) | RL1: 2st | NE | R1154 FR Bladder Vacuum Delay Time (GT Take Out) (sec.) | RM1: 2st | NF | R1155 FR Bladder Vacuum Time (GT Take Out) (sec.) | RN1: 2st | NG | R1156 FR Bead Lock Collapse Delay Time (GT Take Out) (sec.) | RO1: 2st | NH | R1157 Turn Up Arm Expand Delay Time (sec.) | RP1: 2st | NJ | R1159 Turn Up Maintenance Time (sec.) | RQ1: 2st | NK | R1160 Turn Up Arm Collapse Delay Time (sec.) | RR1: 2st | NM | R1162 Turn Up Arm Wide Check Time (sec.) | RS1: 2st | NN | R1163 No5.Stitcher Width Start Position (mm) | RT1: 2st | NO | R1164 No5.Stitcher Width Raise Up Position (mm) | RU1: 2st | NP | R1165 No5.Stitcher End Position (mm) | RV1: 2st | NQ | R1166 No5.Stitcher Arm Pressure Change Position (mm) | RW1: 2st | NR | R1167 No5.Stitcher Middle Position Move Delay Time (sec.) | RX1: 2st | NS | R1168 No5.Stitcher Width End Position Move Delay Time (sec.) | RY1: 2st | NT | R1169 No5.Stitcher Arm Open Delay Time (sec.) | RZ1: 2st | OK | BOM_BELT1_PARTID | SA1: 2st | OL | BOM_BELT1_MACHINEGROUP | SB1: 2st | ON | BOM_BELT1_REVISIONNO | SC1: 2st | OO | BOM_BELT1_LENGTH | SD1: 2st | OP | BOM_BELT2_PARTID | SE1: 2st | OQ | BOM_BELT2_MACHINEGROUP | SF1: 2st | OS | BOM_BELT2_REVISIONNO | SG1: 2st | OT | BOM_BELT2_LENGTH | SH1: 2st | OU | BOM_LAY_PARTID | SI1: 2st | OV | BOM_LAY_MACHINEGROUP | SJ1: 2st | OX | BOM_LAY_REVISIONNO | SK1: 2st | OY | BOM_LAY_LENGTH | SL1: 2st | OZ | BOM_TOP_PARTID | SM1: 2st | PA | BOM_TOP_MACHINEGROUP | SN1: 2st | PC | BOM_TOP_REVISIONNO | SO1: 2st | PD | BOM_TOP_LENGTH | SP1: 2st | PF | Belt 1 Mass (Treatment) | SQ1: 2st | PG | Belt 1 Mass (End gum) | SR1: 2st | PH | Belt 2 Mass (Treatment) | SS1: 2st | PI | Belt 2 Mass (End gum) | ST1: 2st | PJ | Top Mass mini side | SU1: 2st | PK | Top Mass after DT | SV1: 2st | PL | Top Mass cap | SW1: 2st | PM | Top Mass base | SX1: 2st | PN | Top Mass tuc | SY1: 2st | PO | Top Mass antenna | SZ1: 2st | PP | SPL_MASS | TA1: 2st | PQ | For database reference(Data key of Circum) | TB1: 2st | PR | For database reference(Data key of Circum)2 | TC1: 2st | PS | For database reference(Data key of O-Ring) | TD1: 2st | PT | Top Tread Width | TE1: 2st | PU | Wing Tip Width | TF1: 2st | PX | PRD_CODE_INVALID | TG1: 2st | PY | SPL_P1_VALID_CHECK | TH1: 2st | PZ | SPL_P2_VALID_CHECK | TI1: 2st | QA | SPL_P3_VALID_CHECK | TJ1: 2st | QB | SPL_REVISION_INVALID | TK1: 2st | QC | SPL_NO_NEED | TL1: 2st | QD | SPL_NEED | TM1: 2st | QE | SPL_P1 | TN1: 2st | QF | SPL_P3 | TO1: 2st | QG | PROCESS2ND_032_UNIT:10DEG | TP1: 2st | QH | CHECK_OF_SIDEWALLSTITCHER | TQ1: 2st | QI | CHECK_OF_TOPTREADSTITCHER | TR1: 2st | QJ | CHECK_OF_SW_ST_STOP | TS1: 2st | QK | Side set position | TT1: 2st | QL | Bead Set Width | TU1: 2st | QM | Bead Width | TV1: 2st | QN | Bead Ring Circumference | TW1: 2st | QQ | Check building MC with spec data bank Size_TYPE | TX1: 2st | QS | Low Bead Lock pressure | TY1: 2st | QT | High Bead Lock pressure
A2: 175/65R14 | B2: =COUNTIF('Данные 1st'!$S$2:$S$317,$A2) -> 4 | C2: EcoC; RUN TOUR; SControl; SM7000 | D2: K1-S | E2: PSR; PXR | F2: ECA4; FSB4; ICC4; SPA4 | G2: =IFERROR(AVERAGEIF('Данные 1st'!$S$2:$S$317,$A2,'Данные 1st'!$AE$2:$AE$317),"") -> 153.25 | H2: =IFERROR(AVERAGEIF('Данные 1st'!$S$2:$S$317,$A2,'Данные 1st'!$AF$2:$AF$317),"") -> 1.5 | I2: =IFERROR(AVERAGEIF('Данные 1st'!$S$2:$S$317,$A2,'Данные 1st'!$AJ$2:$AJ$317),"") -> 163.75 | J2: =IFERROR(AVERAGEIF('Данные 1st'!$S$2:$S$317,$A2,'Данные 1st'!$AL$2:$AL$317),"") -> 1.5 | K2: =IFERROR(AVERAGEIF('Данные 1st'!$S$2:$S$317,$A2,'Данные 1st'!$AR$2:$AR$317),"") -> 0 | L2: =IFERROR(AVERAGEIF('Данные 1st'!$S$2:$S$317,$A2,'Данные 1st'!$AS$2:$AS$317),"") -> 1.5 | M2: =IFERROR(AVERAGEIF('Данные 1st'!$S$2:$S$317,$A2,'Данные 1st'!$AY$2:$AY$317),"") -> 239.375 | N2: =IFERROR(AVERAGEIF('Данные 1st'!$S$2:$S$317,$A2,'Данные 1st'!$AZ$2:$AZ$317),"") -> 1.5 | O2: =IFERROR(AVERAGEIF('Данные 1st'!$S$2:$S$317,$A2,'Данные 1st'!$BF$2:$BF$317),"") | P2: =IFERROR(AVERAGEIF('Данные 1st'!$S$2:$S$317,$A2,'Данные 1st'!$BG$2:$BG$317),"") -> 1.5 | Q2: =IFERROR(AVERAGEIF('Данные 1st'!$S$2:$S$317,$A2,'Данные 1st'!$BM$2:$BM$317),"") | R2: =IFERROR(AVERAGEIF('Данные 1st'!$S$2:$S$317,$A2,'Данные 1st'!$BN$2:$BN$317),"") -> 1.5 | S2: =IFERROR(AVERAGEIF('Данные 1st'!$S$2:$S$317,$A2,'Данные 1st'!$BT$2:$BT$317),"") -> 175.75 | T2: =IFERROR(AVERAGEIF('Данные 1st'!$S$2:$S$317,$A2,'Данные 1st'!$BU$2:$BU$317),"") -> 0.5 | U2: =IFERROR(AVERAGEIF('Данные 1st'!$S$2:$S$317,$A2,'Данные 1st'!$BW$2:$BW$317),"") -> 351.5 | V2: =IFERROR(AVERAGEIF('Данные 1st'!$S$2:$S$317,$A2,'Данные 1st'!$BX$2:$BX$317),"") -> 1 | W2: =IFERROR(AVERAGEIF('Данные 1st'!$S$2:$S$317,$A2,'Данные 1st'!$BZ$2:$BZ$317),"") -> 300 | X2: =IFERROR(AVERAGEIF('Данные 1st'!$S$2:$S$317,$A2,'Данные 1st'!$CA$2:$CA$317),"") -> 445 | Y2: =IFERROR(AVERAGEIF('Данные 1st'!$S$2:$S$317,$A2,'Данные 1st'!$CD$2:$CD$317),"") -> 369 | Z2: =IFERROR(AVERAGEIF('Данные 1st'!$S$2:$S$317,$A2,'Данные 1st'!$CF$2:$CF$317),"") -> 15 | AA2: =IFERROR(AVERAGEIF('Данные 1st'!$S$2:$S$317,$A2,'Данные 1st'!$CI$2:$CI$317),"") -> 72.5 | AB2: =IFERROR(AVERAGEIF('Данные 1st'!$S$2:$S$317,$A2,'Данные 1st'!$CJ$2:$CJ$317),"") -> 1050 | AC2: =IFERROR(AVERAGEIF('Данные 1st'!$S$2:$S$317,$A2,'Данные 1st'!$CK$2:$CK$317),"") -> 2 | AD2: =IFERROR(AVERAGEIF('Данные 1st'!$S$2:$S$317,$A2,'Данные 1st'!$CL$2:$CL$317),"") -> 1144 | AE2: =IFERROR(AVERAGEIF('Данные 1st'!$S$2:$S$317,$A2,'Данные 1st'!$CM$2:$CM$317),"") -> 2 | AF2: =IFERROR(AVERAGEIF('Данные 1st'!$S$2:$S$317,$A2,'Данные 1st'!$CT$2:$CT$317),"") -> 327.5 | AG2: =IFERROR(AVERAGEIF('Данные 1st'!$S$2:$S$317,$A2,'Данные 1st'!$CU$2:$CU$317),"") -> 5 | AH2: =IFERROR(AVERAGEIF('Данные 1st'!$S$2:$S$317,$A2,'Данные 1st'!$CV$2:$CV$317),"") -> 1.2 | AI2: =IFERROR(AVERAGEIF('Данные 1st'!$S$2:$S$317,$A2,'Данные 1st'!$CW$2:$CW$317),"") -> 1064 | AJ2: =IFERROR(AVERAGEIF('Данные 1st'!$S$2:$S$317,$A2,'Данные 1st'!$CX$2:$CX$317),"") -> 493 | AK2: =IFERROR(AVERAGEIF('Данные 1st'!$S$2:$S$317,$A2,'Данные 1st'!$CZ$2:$CZ$317),"") | AL2: =IFERROR(AVERAGEIF('Данные 1st'!$S$2:$S$317,$A2,'Данные 1st'!$DA$2:$DA$317),"") | AM2: =IFERROR(AVERAGEIF('Данные 1st'!$S$2:$S$317,$A2,'Данные 1st'!$DB$2:$DB$317),"") | AN2: =IFERROR(AVERAGEIF('Данные 1st'!$S$2:$S$317,$A2,'Данные 1st'!$DC$2:$DC$317),"") | AO2: =IFERROR(AVERAGEIF('Данные 1st'!$S$2:$S$317,$A2,'Данные 1st'!$DD$2:$DD$317),"") -> 0 | AP2: =IFERROR(AVERAGEIF('Данные 1st'!$S$2:$S$317,$A2,'Данные 1st'!$DF$2:$DF$317),"") -> 478.75 | AQ2: =IFERROR(AVERAGEIF('Данные 1st'!$S$2:$S$317,$A2,'Данные 1st'!$DG$2:$DG$317),"") -> 3 | AR2: =IFERROR(AVERAGEIF('Данные 1st'!$S$2:$S$317,$A2,'Данные 1st'!$DH$2:$DH$317),"") -> 1.18 | AS2: =IFERROR(AVERAGEIF('Данные 1st'!$S$2:$S$317,$A2,'Данные 1st'!$DI$2:$DI$317),"") -> 1062 | AT2: =IFERROR(AVERAGEIF('Данные 1st'!$S$2:$S$317,$A2,'Данные 1st'!$DJ$2:$DJ$317),"") -> 822 | AU2: =IFERROR(AVERAGEIF('Данные 1st'!$S$2:$S$317,$A2,'Данные 1st'!$DL$2:$DL$317),"") | AV2: =IFERROR(AVERAGEIF('Данные 1st'!$S$2:$S$317,$A2,'Данные 1st'!$DM$2:$DM$317),"") | AW2: =IFERROR(AVERAGEIF('Данные 1st'!$S$2:$S$317,$A2,'Данные 1st'!$DN$2:$DN$317),"") | AX2: =IFERROR(AVERAGEIF('Данные 1st'!$S$2:$S$317,$A2,'Данные 1st'!$DO$2:$DO$317),"") | AY2: =IFERROR(AVERAGEIF('Данные 1st'!$S$2:$S$317,$A2,'Данные 1st'!$DP$2:$DP$317),"") | AZ2: =IFERROR(AVERAGEIF('Данные 1st'!$S$2:$S$317,$A2,'Данные 1st'!$DR$2:$DR$317),"") | BA2: =IFERROR(AVERAGEIF('Данные 1st'!$S$2:$S$317,$A2,'Данные 1st'!$DS$2:$DS$317),"") | BB2: =IFERROR(AVERAGEIF('Данные 1st'!$S$2:$S$317,$A2,'Данные 1st'!$DT$2:$DT$317),"") | BC2: =IFERROR(AVERAGEIF('Данные 1st'!$S$2:$S$317,$A2,'Данные 1st'!$DU$2:$DU$317),"") | BD2: =IFERROR(AVERAGEIF('Данные 1st'!$S$2:$S$317,$A2,'Данные 1st'!$DV$2:$DV$317),"") | BE2: =IFERROR(AVERAGEIF('Данные 1st'!$S$2:$S$317,$A2,'Данные 1st'!$DX$2:$DX$317),"") -> 7.5 | BF2: =IFERROR(AVERAGEIF('Данные 1st'!$S$2:$S$317,$A2,'Данные 1st'!$EA$2:$EA$317),"") -> 1123.4 | BG2: =IFERROR(AVERAGEIF('Данные 1st'!$S$2:$S$317,$A2,'Данные 1st'!$EB$2:$EB$317),"") -> 147 | BH2: =IFERROR(AVERAGEIF('Данные 1st'!$S$2:$S$317,$A2,'Данные 1st'!$ED$2:$ED$317),"") -> 30 | BI2: =IFERROR(AVERAGEIF('Данные 1st'!$S$2:$S$317,$A2,'Данные 1st'!$EE$2:$EE$317),"") -> 3 | BJ2: =IFERROR(AVERAGEIF('Данные 1st'!$S$2:$S$317,$A2,'Данные 1st'!$EG$2:$EG$317),"") -> 1154.25 | BK2: =IFERROR(AVERAGEIF('Данные 1st'!$S$2:$S$317,$A2,'Данные 1st'!$EH$2:$EH$317),"") -> 141.5 | BL2: =IFERROR(AVERAGEIF('Данные 1st'!$S$2:$S$317,$A2,'Данные 1st'!$EJ$2:$EJ$317),"") -> 0 | BM2: =IFERROR(AVERAGEIF('Данные 1st'!$S$2:$S$317,$A2,'Данные 1st'!$EK$2:$EK$317),"") -> 1 | BN2: =IFERROR(AVERAGEIF('Данные 1st'!$S$2:$S$317,$A2,'Данные 1st'!$EN$2:$EN$317),"") -> 0 | BO2: =IFERROR(AVERAGEIF('Данные 1st'!$S$2:$S$317,$A2,'Данные 1st'!$EQ$2:$EQ$317),"") -> 94 | BP2: =IFERROR(AVERAGEIF('Данные 1st'!$S$2:$S$317,$A2,'Данные 1st'!$ER$2:$ER$317),"") -> 3 | BQ2: =IFERROR(AVERAGEIF('Данные 1st'!$S$2:$S$317,$A2,'Данные 1st'!$ES$2:$ES$317),"") -> 5 | BR2: =IFERROR(AVERAGEIF('Данные 1st'!$S$2:$S$317,$A2,'Данные 1st'!$ET$2:$ET$317),"") -> 1045 | BS2: =IFERROR(AVERAGEIF('Данные 1st'!$S$2:$S$317,$A2,'Данные 1st'!$EU$2:$EU$317),"") -> 357.275 | BT2: =IFERROR(AVERAGEIF('Данные 1st'!$S$2:$S$317,$A2,'Данные 1st'!$EV$2:$EV$317),"") -> 373.25 | BU2: =IFERROR(AVERAGEIF('Данные 1st'!$S$2:$S$317,$A2,'Данные 1st'!$EX$2:$EX$317),"") -> 70 | BV2: =IFERROR(AVERAGEIF('Данные 1st'!$S$2:$S$317,$A2,'Данные 1st'!$EY$2:$EY$317),"") -> 2 | BW2: =IFERROR(AVERAGEIF('Данные 1st'!$S$2:$S$317,$A2,'Данные 1st'!$EZ$2:$EZ$317),"") -> 4.15 | BX2: =IFERROR(AVERAGEIF('Данные 1st'!$S$2:$S$317,$A2,'Данные 1st'!$FA$2:$FA$317),"") -> 1045 | BY2: =IFERROR(AVERAGEIF('Данные 1st'!$S$2:$S$317,$A2,'Данные 1st'!$FB$2:$FB$317),"") -> 207.1 | BZ2: =IFERROR(AVERAGEIF('Данные 1st'!$S$2:$S$317,$A2,'Данные 1st'!$FC$2:$FC$317),"") -> 216.5 | CA2: =IFERROR(AVERAGEIF('Данные 1st'!$S$2:$S$317,$A2,'Данные 1st'!$FE$2:$FE$317),"") -> 0 | CB2: =IFERROR(AVERAGEIF('Данные 1st'!$S$2:$S$317,$A2,'Данные 1st'!$FF$2:$FF$317),"") -> 2 | CC2: =IFERROR(AVERAGEIF('Данные 1st'!$S$2:$S$317,$A2,'Данные 1st'!$FI$2:$FI$317),"") -> 0 | CD2: =IFERROR(AVERAGEIF('Данные 1st'!$S$2:$S$317,$A2,'Данные 1st'!$FL$2:$FL$317),"") -> 0.4 | CE2: =IFERROR(AVERAGEIF('Данные 1st'!$S$2:$S$317,$A2,'Данные 1st'!$FM$2:$FM$317),"") -> 60 | CF2: =IFERROR(AVERAGEIF('Данные 1st'!$S$2:$S$317,$A2,'Данные 1st'!$FN$2:$FN$317),"") -> 165 | CG2: =IFERROR(AVERAGEIF('Данные 1st'!$S$2:$S$317,$A2,'Данные 1st'!$FO$2:$FO$317),"") -> 80 | CH2: =IFERROR(AVERAGEIF('Данные 1st'!$S$2:$S$317,$A2,'Данные 1st'!$FP$2:$FP$317),"") -> 110 | CI2: =IFERROR(AVERAGEIF('Данные 1st'!$S$2:$S$317,$A2,'Данные 1st'!$FS$2:$FS$317),"") -> 0.4 | CJ2: =IFERROR(AVERAGEIF('Данные 1st'!$S$2:$S$317,$A2,'Данные 1st'!$FT$2:$FT$317),"") -> 30 | CK2: =IFERROR(AVERAGEIF('Данные 1st'!$S$2:$S$317,$A2,'Данные 1st'!$FU$2:$FU$317),"") -> 315 | CL2: =IFERROR(AVERAGEIF('Данные 1st'!$S$2:$S$317,$A2,'Данные 1st'!$FV$2:$FV$317),"") -> 26.666667 | CM2: =IFERROR(AVERAGEIF('Данные 1st'!$S$2:$S$317,$A2,'Данные 1st'!$FW$2:$FW$317),"") -> 193.33333 | CN2: =IFERROR(AVERAGEIF('Данные 1st'!$S$2:$S$317,$A2,'Данные 1st'!$FZ$2:$FZ$317),"") -> 1 | CO2: =IFERROR(AVERAGEIF('Данные 1st'!$S$2:$S$317,$A2,'Данные 1st'!$GA$2:$GA$317),"") -> 20 | CP2: =IFERROR(AVERAGEIF('Данные 1st'!$S$2:$S$317,$A2,'Данные 1st'!$GB$2:$GB$317),"") -> 126 | CQ2: =IFERROR(AVERAGEIF('Данные 1st'!$S$2:$S$317,$A2,'Данные 1st'!$GH$2:$GH$317),"") -> 1 | CR2: =IFERROR(AVERAGEIF('Данные 1st'!$S$2:$S$317,$A2,'Данные 1st'!$GI$2:$GI$317),"") -> 20 | CS2: =IFERROR(AVERAGEIF('Данные 1st'!$S$2:$S$317,$A2,'Данные 1st'!$GJ$2:$GJ$317),"") -> 126 | CT2: =IFERROR(AVERAGEIF('Данные 1st'!$S$2:$S$317,$A2,'Данные 1st'!$GS$2:$GS$317),"") | CU2: =IFERROR(AVERAGEIF('Данные 1st'!$S$2:$S$317,$A2,'Данные 1st'!$GT$2:$GT$317),"") | CV2: =IFERROR(AVERAGEIF('Данные 1st'!$S$2:$S$317,$A2,'Данные 1st'!$GU$2:$GU$317),"") | CW2: =IFERROR(AVERAGEIF('Данные 1st'!$S$2:$S$317,$A2,'Данные 1st'!$GV$2:$GV$317),"") | CX2: =IFERROR(AVERAGEIF('Данные 1st'!$S$2:$S$317,$A2,'Данные 1st'!$GW$2:$GW$317),"") | CY2: =IFERROR(AVERAGEIF('Данные 1st'!$S$2:$S$317,$A2,'Данные 1st'!$GZ$2:$GZ$317),"") | CZ2: =IFERROR(AVERAGEIF('Данные 1st'!$S$2:$S$317,$A2,'Данные 1st'!$HA$2:$HA$317),"") | DA2: =IFERROR(AVERAGEIF('Данные 1st'!$S$2:$S$317,$A2,'Данные 1st'!$HB$2:$HB$317),"") | DB2: =IFERROR(AVERAGEIF('Данные 1st'!$S$2:$S$317,$A2,'Данные 1st'!$HC$2:$HC$317),"") -> 0.1 | DC2: =IFERROR(AVERAGEIF('Данные 1st'!$S$2:$S$317,$A2,'Данные 1st'!$HD$2:$HD$317),"") -> 3 | DD2: =IFERROR(AVERAGEIF('Данные 1st'!$S$2:$S$317,$A2,'Данные 1st'!$HE$2:$HE$317),"") -> 3 | DE2: =IFERROR(AVERAGEIF('Данные 1st'!$S$2:$S$317,$A2,'Данные 1st'!$HF$2:$HF$317),"") -> 3 | DF2: =IFERROR(AVERAGEIF('Данные 1st'!$S$2:$S$317,$A2,'Данные 1st'!$HG$2:$HG$317),"") -> 3 | DG2: =IFERROR(AVERAGEIF('Данные 1st'!$S$2:$S$317,$A2,'Данные 1st'!$HH$2:$HH$317),"") -> 3 | DH2: =IFERROR(AVERAGEIF('Данные 1st'!$S$2:$S$317,$A2,'Данные 1st'!$HI$2:$HI$317),"") -> 149 | DI2: =IFERROR(AVERAGEIF('Данные 1st'!$S$2:$S$317,$A2,'Данные 1st'!$HJ$2:$HJ$317),"") -> 3 | DJ2: =IFERROR(AVERAGEIF('Данные 1st'!$S$2:$S$317,$A2,'Данные 1st'!$HK$2:$HK$317),"") -> 55 | DK2: =IFERROR(AVERAGEIF('Данные 1st'!$S$2:$S$317,$A2,'Данные 1st'!$HL$2:$HL$317),"") -> 2 | DL2: =IFERROR(AVERAGEIF('Данные 1st'!$S$2:$S$317,$A2,'Данные 1st'!$HM$2:$HM$317),"") -> 0 | DM2: =IFERROR(AVERAGEIF('Данные 1st'!$S$2:$S$317,$A2,'Данные 1st'!$HN$2:$HN$317),"") -> 2 | DN2: =IFERROR(AVERAGEIF('Данные 1st'!$S$2:$S$317,$A2,'Данные 1st'!$HO$2:$HO$317),"") -> 79 | DO2: =IFERROR(AVERAGEIF('Данные 1st'!$S$2:$S$317,$A2,'Данные 1st'!$HP$2:$HP$317),"") -> 3 | DP2: =IFERROR(AVERAGEIF('Данные 1st'!$S$2:$S$317,$A2,'Данные 1st'!$HQ$2:$HQ$317),"") -> 0 | DQ2: =IFERROR(AVERAGEIF('Данные 1st'!$S$2:$S$317,$A2,'Данные 1st'!$HR$2:$HR$317),"") -> 2 | DR2: =IFERROR(AVERAGEIF('Данные 1st'!$S$2:$S$317,$A2,'Данные 1st'!$HS$2:$HS$317),"") -> 3071.5 | DS2: =IFERROR(AVERAGEIF('Данные 1st'!$S$2:$S$317,$A2,'Данные 1st'!$HT$2:$HT$317),"") -> 90 | DT2: =IFERROR(AVERAGEIF('Данные 1st'!$S$2:$S$317,$A2,'Данные 1st'!$HU$2:$HU$317),"") -> 180 | DU2: =IFERROR(AVERAGEIF('Данные 1st'!$S$2:$S$317,$A2,'Данные 1st'!$HW$2:$HW$317),"") -> 0 | DV2: =IFERROR(AVERAGEIF('Данные 1st'!$S$2:$S$317,$A2,'Данные 1st'!$HX$2:$HX$317),"") -> 399.25 | DW2: =IFERROR(AVERAGEIF('Данные 1st'!$S$2:$S$317,$A2,'Данные 1st'!$HY$2:$HY$317),"") -> 0.18 | DX2: =IFERROR(AVERAGEIF('Данные 1st'!$S$2:$S$317,$A2,'Данные 1st'!$IA$2:$IA$317),"") -> 0.15 | DY2: =IFERROR(AVERAGEIF('Данные 1st'!$S$2:$S$317,$A2,'Данные 1st'!$IB$2:$IB$317),"") -> 0 | DZ2: =IFERROR(AVERAGEIF('Данные 1st'!$S$2:$S$317,$A2,'Данные 1st'!$IC$2:$IC$317),"") -> 180 | EA2: =IFERROR(AVERAGEIF('Данные 1st'!$S$2:$S$317,$A2,'Данные 1st'!$ID$2:$ID$317),"") -> 110 | EB2: =IFERROR(AVERAGEIF('Данные 1st'!$S$2:$S$317,$A2,'Данные 1st'!$IE$2:$IE$317),"") -> 56.25 | EC2: =IFERROR(AVERAGEIF('Данные 1st'!$S$2:$S$317,$A2,'Данные 1st'!$IF$2:$IF$317),"") -> 0 | ED2: =IFERROR(AVERAGEIF('Данные 1st'!$S$2:$S$317,$A2,'Данные 1st'!$IP$2:$IP$317),"") -> 14 | EE2: =IFERROR(AVERAGEIF('Данные 1st'!$S$2:$S$317,$A2,'Данные 1st'!$IV$2:$IV$317),"") -> 1050 | EF2: =IFERROR(AVERAGEIF('Данные 1st'!$S$2:$S$317,$A2,'Данные 1st'!$IW$2:$IW$317),"") -> 351.5 | EG2: =IFERROR(AVERAGEIF('Данные 1st'!$S$2:$S$317,$A2,'Данные 1st'!$IX$2:$IX$317),"") | EH2: =IFERROR(AVERAGEIF('Данные 1st'!$S$2:$S$317,$A2,'Данные 1st'!$IY$2:$IY$317),"") | EI2: =IFERROR(AVERAGEIF('Данные 1st'!$S$2:$S$317,$A2,'Данные 1st'!$JD$2:$JD$317),"") -> 1064 | EJ2: =IFERROR(AVERAGEIF('Данные 1st'!$S$2:$S$317,$A2,'Данные 1st'!$JE$2:$JE$317),"") -> 1062 | EK2: =IFERROR(AVERAGEIF('Данные 1st'!$S$2:$S$317,$A2,'Данные 1st'!$JF$2:$JF$317),"") -> 0 | EL2: =IFERROR(AVERAGEIF('Данные 1st'!$S$2:$S$317,$A2,'Данные 1st'!$JG$2:$JG$317),"") -> 1045 | EM2: =IFERROR(AVERAGEIF('Данные 1st'!$S$2:$S$317,$A2,'Данные 1st'!$JH$2:$JH$317),"") -> 0 | EN2: =IFERROR(AVERAGEIF('Данные 1st'!$S$2:$S$317,$A2,'Данные 1st'!$JJ$2:$JJ$317),"") -> 180 | EO2: =IFERROR(AVERAGEIF('Данные 1st'!$S$2:$S$317,$A2,'Данные 1st'!$JK$2:$JK$317),"") -> 399.25 | EP2: =IFERROR(AVERAGEIF('Данные 1st'!$S$2:$S$317,$A2,'Данные 1st'!$JL$2:$JL$317),"") | EQ2: =IFERROR(AVERAGEIF('Данные 1st'!$S$2:$S$317,$A2,'Данные 1st'!$JM$2:$JM$317),"") | ER2: =IFERROR(AVERAGEIF('Данные 1st'!$S$2:$S$317,$A2,'Данные 1st'!$JN$2:$JN$317),"") -> 327.5 | ES2: =IFERROR(AVERAGEIF('Данные 1st'!$S$2:$S$317,$A2,'Данные 1st'!$JO$2:$JO$317),"") -> 478.75 | ET2: =IFERROR(AVERAGEIF('Данные 1st'!$S$2:$S$317,$A2,'Данные 1st'!$JP$2:$JP$317),"") -> 0 | EU2: =IFERROR(AVERAGEIF('Данные 1st'!$S$2:$S$317,$A2,'Данные 1st'!$JQ$2:$JQ$317),"") -> 0 | EV2: =IFERROR(AVERAGEIF('Данные 1st'!$S$2:$S$317,$A2,'Данные 1st'!$JR$2:$JR$317),"") -> 306.5 | EW2: =IFERROR(AVERAGEIF('Данные 1st'!$S$2:$S$317,$A2,'Данные 1st'!$JS$2:$JS$317),"") -> 149 | EX2: =IFERROR(AVERAGEIF('Данные 1st'!$S$2:$S$317,$A2,'Данные 1st'!$JT$2:$JT$317),"") | EY2: =IFERROR(AVERAGEIF('Данные 1st'!$S$2:$S$317,$A2,'Данные 1st'!$JU$2:$JU$317),"") | EZ2: =IFERROR(AVERAGEIF('Данные 1st'!$S$2:$S$317,$A2,'Данные 1st'!$JV$2:$JV$317),"") -> 8 | FA2: =IFERROR(AVERAGEIF('Данные 1st'!$S$2:$S$317,$A2,'Данные 1st'!$JW$2:$JW$317),"") | FB2: =IFERROR(AVERAGEIF('Данные 1st'!$S$2:$S$317,$A2,'Данные 1st'!$JX$2:$JX$317),"") -> 0 | FC2: =IFERROR(AVERAGEIF('Данные 1st'!$S$2:$S$317,$A2,'Данные 1st'!$JY$2:$JY$317),"") | FD2: =IFERROR(AVERAGEIF('Данные 1st'!$S$2:$S$317,$A2,'Данные 1st'!$JZ$2:$JZ$317),"") | FE2: =IFERROR(AVERAGEIF('Данные 1st'!$S$2:$S$317,$A2,'Данные 1st'!$KA$2:$KA$317),"") -> 56.25 | FF2: =IFERROR(AVERAGEIF('Данные 1st'!$S$2:$S$317,$A2,'Данные 1st'!$KB$2:$KB$317),"") -> 110 | FG2: =IFERROR(AVERAGEIF('Данные 1st'!$S$2:$S$317,$A2,'Данные 1st'!$KC$2:$KC$317),"") -> 0 | FH2: =IFERROR(AVERAGEIF('Данные 1st'!$S$2:$S$317,$A2,'Данные 1st'!$KD$2:$KD$317),"") -> 80 | FI2: =IFERROR(AVERAGEIF('Данные 1st'!$S$2:$S$317,$A2,'Данные 1st'!$KE$2:$KE$317),"") | FJ2: =IFERROR(AVERAGEIF('Данные 1st'!$S$2:$S$317,$A2,'Данные 1st'!$KF$2:$KF$317),"") -> 4 | FK2: =IFERROR(AVERAGEIF('Данные 1st'!$S$2:$S$317,$A2,'Данные 1st'!$KG$2:$KG$317),"") -> 2.5 | FL2: =IFERROR(AVERAGEIF('Данные 1st'!$S$2:$S$317,$A2,'Данные 1st'!$KH$2:$KH$317),"") -> 2 | FM2: =IFERROR(AVERAGEIF('Данные 1st'!$S$2:$S$317,$A2,'Данные 1st'!$KI$2:$KI$317),"") -> 2 | FN2: =IFERROR(AVERAGEIF('Данные 1st'!$S$2:$S$317,$A2,'Данные 1st'!$KJ$2:$KJ$317),"") -> 0 | FO2: =IFERROR(AVERAGEIF('Данные 1st'!$S$2:$S$317,$A2,'Данные 1st'!$KK$2:$KK$317),"") -> 1.5 | FP2: =IFERROR(AVERAGEIF('Данные 1st'!$S$2:$S$317,$A2,'Данные 1st'!$KL$2:$KL$317),"") -> 1.5 | FQ2: =IFERROR(AVERAGEIF('Данные 1st'!$S$2:$S$317,$A2,'Данные 1st'!$KM$2:$KM$317),"") -> 0 | FR2: =IFERROR(AVERAGEIF('Данные 1st'!$S$2:$S$317,$A2,'Данные 1st'!$KN$2:$KN$317),"") -> 0 | FS2: =IFERROR(AVERAGEIF('Данные 1st'!$S$2:$S$317,$A2,'Данные 1st'!$KR$2:$KR$317),"") -> 37.5 | FT2: =IFERROR(AVERAGEIF('Данные 1st'!$S$2:$S$317,$A2,'Данные 1st'!$KS$2:$KS$317),"") -> 60 | FU2: =IFERROR(AVERAGEIF('Данные 1st'!$S$2:$S$317,$A2,'Данные 1st'!$KT$2:$KT$317),"") -> 0 | FV2: =IFERROR(AVERAGEIF('Данные 1st'!$S$2:$S$317,$A2,'Данные 1st'!$KV$2:$KV$317),"") | FW2: =IFERROR(AVERAGEIF('Данные 1st'!$S$2:$S$317,$A2,'Данные 1st'!$KW$2:$KW$317),"") | FX2: =IFERROR(AVERAGEIF('Данные 1st'!$S$2:$S$317,$A2,'Данные 1st'!$KX$2:$KX$317),"") | FY2: =IFERROR(AVERAGEIF('Данные 1st'!$S$2:$S$317,$A2,'Данные 1st'!$KY$2:$KY$317),"") | FZ2: =IFERROR(AVERAGEIF('Данные 1st'!$S$2:$S$317,$A2,'Данные 1st'!$KZ$2:$KZ$317),"") | GA2: =IFERROR(AVERAGEIF('Данные 1st'!$S$2:$S$317,$A2,'Данные 1st'!$LA$2:$LA$317),"") | GB2: =IFERROR(AVERAGEIF('Данные 1st'!$S$2:$S$317,$A2,'Данные 1st'!$LB$2:$LB$317),"") | GC2: =IFERROR(AVERAGEIF('Данные 1st'!$S$2:$S$317,$A2,'Данные 1st'!$LC$2:$LC$317),"") | GD2: =IFERROR(AVERAGEIF('Данные 1st'!$S$2:$S$317,$A2,'Данные 1st'!$LD$2:$LD$317),"") | GE2: =IFERROR(AVERAGEIF('Данные 1st'!$S$2:$S$317,$A2,'Данные 1st'!$LE$2:$LE$317),"") | GF2: =IFERROR(AVERAGEIF('Данные 1st'!$S$2:$S$317,$A2,'Данные 1st'!$LF$2:$LF$317),"") | GG2: =IFERROR(AVERAGEIF('Данные 1st'!$S$2:$S$317,$A2,'Данные 1st'!$LG$2:$LG$317),"") | GH2: =IFERROR(AVERAGEIF('Данные 1st'!$S$2:$S$317,$A2,'Данные 1st'!$LH$2:$LH$317),"") | GI2: =IFERROR(AVERAGEIF('Данные 1st'!$S$2:$S$317,$A2,'Данные 1st'!$LI$2:$LI$317),"") | GJ2: =IFERROR(AVERAGEIF('Данные 1st'!$S$2:$S$317,$A2,'Данные 1st'!$LJ$2:$LJ$317),"") | GK2: =IFERROR(AVERAGEIF('Данные 1st'!$S$2:$S$317,$A2,'Данные 1st'!$LK$2:$LK$317),"") -> 480 | GL2: =IFERROR(AVERAGEIF('Данные 1st'!$S$2:$S$317,$A2,'Данные 1st'!$LV$2:$LV$317),"") | GM2: =IFERROR(AVERAGEIF('Данные 1st'!$S$2:$S$317,$A2,'Данные 1st'!$LW$2:$LW$317),"") | GN2: =IFERROR(AVERAGEIF('Данные 1st'!$S$2:$S$317,$A2,'Данные 1st'!$LX$2:$LX$317),"") -> 306.66667 | GO2: =IFERROR(AVERAGEIF('Данные 1st'!$S$2:$S$317,$A2,'Данные 1st'!$LY$2:$LY$317),"") -> 2 | GP2: =IFERROR(AVERAGEIF('Данные 1st'!$S$2:$S$317,$A2,'Данные 1st'!$LZ$2:$LZ$317),"") -> 250 | GQ2: =IFERROR(AVERAGEIF('Данные 1st'!$S$2:$S$317,$A2,'Данные 1st'!$PG$2:$PG$317),"") -> 1 | GR2: =IFERROR(AVERAGEIF('Данные 1st'!$S$2:$S$317,$A2,'Данные 1st'!$PX$2:$PX$317),"") -> 56 | GS2: =IFERROR(AVERAGEIF('Данные 1st'!$S$2:$S$317,$A2,'Данные 1st'!$PY$2:$PY$317),"") -> 56.75 | GT2: =IFERROR(AVERAGEIF('Данные 1st'!$S$2:$S$317,$A2,'Данные 1st'!$QA$2:$QA$317),"") -> 2 | GU2: =IFERROR(AVERAGEIF('Данные 1st'!$S$2:$S$317,$A2,'Данные 1st'!$QB$2:$QB$317),"") -> 1045 | GV2: =IFERROR(AVERAGEIF('Данные 1st'!$S$2:$S$317,$A2,'Данные 1st'!$QC$2:$QC$317),"") -> 69 | GW2: =IFERROR(AVERAGEIF('Данные 1st'!$S$2:$S$317,$A2,'Данные 1st'!$QD$2:$QD$317),"") -> 69 | GX2: =IFERROR(AVERAGEIF('Данные 1st'!$S$2:$S$317,$A2,'Данные 1st'!$QF$2:$QF$317),"") -> 1 | GY2: =IFERROR(AVERAGEIF('Данные 1st'!$S$2:$S$317,$A2,'Данные 1st'!$QG$2:$QG$317),"") -> 1064 | GZ2: =IFERROR(AVERAGEIF('Данные 1st'!$S$2:$S$317,$A2,'Данные 1st'!$QH$2:$QH$317),"") -> 66 | HA2: =IFERROR(AVERAGEIF('Данные 1st'!$S$2:$S$317,$A2,'Данные 1st'!$QI$2:$QI$317),"") -> 66 | HB2: =IFERROR(AVERAGEIF('Данные 1st'!$S$2:$S$317,$A2,'Данные 1st'!$QK$2:$QK$317),"") | HC2: =IFERROR(AVERAGEIF('Данные 1st'!$S$2:$S$317,$A2,'Данные 1st'!$QL$2:$QL$317),"") -> 0 | HD2: =IFERROR(AVERAGEIF('Данные 1st'!$S$2:$S$317,$A2,'Данные 1st'!$QM$2:$QM$317),"") -> 62.25 | HE2: =IFERROR(AVERAGEIF('Данные 1st'!$S$2:$S$317,$A2,'Данные 1st'!$QN$2:$QN$317),"") -> 62.25 | HF2: =IFERROR(AVERAGEIF('Данные 1st'!$S$2:$S$317,$A2,'Данные 1st'!$QP$2:$QP$317),"") -> 1 | HG2: =IFERROR(AVERAGEIF('Данные 1st'!$S$2:$S$317,$A2,'Данные 1st'!$QQ$2:$QQ$317),"") -> 1062 | HH2: =IFERROR(AVERAGEIF('Данные 1st'!$S$2:$S$317,$A2,'Данные 1st'!$QR$2:$QR$317),"") | HI2: =IFERROR(AVERAGEIF('Данные 1st'!$S$2:$S$317,$A2,'Данные 1st'!$QS$2:$QS$317),"") | HJ2: =IFERROR(AVERAGEIF('Данные 1st'!$S$2:$S$317,$A2,'Данные 1st'!$QU$2:$QU$317),"") | HK2: =IFERROR(AVERAGEIF('Данные 1st'!$S$2:$S$317,$A2,'Данные 1st'!$QV$2:$QV$317),"") | HL2: =IFERROR(AVERAGEIF('Данные 1st'!$S$2:$S$317,$A2,'Данные 1st'!$QW$2:$QW$317),"") -> 82 | HM2: =IFERROR(AVERAGEIF('Данные 1st'!$S$2:$S$317,$A2,'Данные 1st'!$QX$2:$QX$317),"") -> 87.25 | HN2: =IFERROR(AVERAGEIF('Данные 1st'!$S$2:$S$317,$A2,'Данные 1st'!$QZ$2:$QZ$317),"") -> 1.5 | HO2: =IFERROR(AVERAGEIF('Данные 1st'!$S$2:$S$317,$A2,'Данные 1st'!$RA$2:$RA$317),"") -> 66 | HP2: =IFERROR(AVERAGEIF('Данные 1st'!$S$2:$S$317,$A2,'Данные 1st'!$RB$2:$RB$317),"") -> 66 | HQ2: =IFERROR(AVERAGEIF('Данные 1st'!$S$2:$S$317,$A2,'Данные 1st'!$RD$2:$RD$317),"") | HR2: =IFERROR(AVERAGEIF('Данные 1st'!$S$2:$S$317,$A2,'Данные 1st'!$RE$2:$RE$317),"") -> 0 | HS2: =IFERROR(AVERAGEIF('Данные 1st'!$S$2:$S$317,$A2,'Данные 1st'!$RF$2:$RF$317),"") -> 1 | HT2: =IFERROR(AVERAGEIF('Данные 1st'!$S$2:$S$317,$A2,'Данные 1st'!$RG$2:$RG$317),"") -> 1 | HU2: =IFERROR(AVERAGEIF('Данные 1st'!$S$2:$S$317,$A2,'Данные 1st'!$RH$2:$RH$317),"") | HV2: =IFERROR(AVERAGEIF('Данные 1st'!$S$2:$S$317,$A2,'Данные 1st'!$RI$2:$RI$317),"") | HW2: =IFERROR(AVERAGEIF('Данные 1st'!$S$2:$S$317,$A2,'Данные 1st'!$RJ$2:$RJ$317),"") -> 3 | HX2: =IFERROR(AVERAGEIF('Данные 1st'!$S$2:$S$317,$A2,'Данные 1st'!$RK$2:$RK$317),"") | HY2: =IFERROR(AVERAGEIF('Данные 1st'!$S$2:$S$317,$A2,'Данные 1st'!$RL$2:$RL$317),"") -> 2 | HZ2: =IFERROR(AVERAGEIF('Данные 1st'!$S$2:$S$317,$A2,'Данные 1st'!$RM$2:$RM$317),"") | IA2: =IFERROR(AVERAGEIF('Данные 1st'!$S$2:$S$317,$A2,'Данные 1st'!$RN$2:$RN$317),"") | IB2: =IFERROR(AVERAGEIF('Данные 1st'!$S$2:$S$317,$A2,'Данные 1st'!$RO$2:$RO$317),"") -> 463.5 | IC2: =IFERROR(AVERAGEIF('Данные 1st'!$S$2:$S$317,$A2,'Данные 1st'!$RP$2:$RP$317),"") | ID2: =IFERROR(AVERAGEIF('Данные 1st'!$S$2:$S$317,$A2,'Данные 1st'!$RQ$2:$RQ$317),"") -> 774 | IE2: =IFERROR(AVERAGEIF('Данные 1st'!$S$2:$S$317,$A2,'Данные 1st'!$RR$2:$RR$317),"") | IF2: =IFERROR(AVERAGEIF('Данные 1st'!$S$2:$S$317,$A2,'Данные 1st'!$RS$2:$RS$317),"") | IG2: =IFERROR(AVERAGEIF('Данные 1st'!$S$2:$S$317,$A2,'Данные 1st'!$RT$2:$RT$317),"") -> 147 | IH2: =IFERROR(AVERAGEIF('Данные 1st'!$S$2:$S$317,$A2,'Данные 1st'!$RU$2:$RU$317),"") -> 141.5 | II2: =IFERROR(AVERAGEIF('Данные 1st'!$S$2:$S$317,$A2,'Данные 1st'!$RX$2:$RX$317),"") -> 15 | IJ2: =IFERROR(AVERAGEIF('Данные 1st'!$S$2:$S$317,$A2,'Данные 1st'!$RY$2:$RY$317),"") -> 4 | IK2: =IFERROR(AVERAGEIF('Данные 1st'!$S$2:$S$317,$A2,'Данные 1st'!$SA$2:$SA$317),"") -> 15 | IL2: =IFERROR(AVERAGEIF('Данные 1st'!$S$2:$S$317,$A2,'Данные 1st'!$SD$2:$SD$317),"") -> 1 | IM2: =IFERROR(AVERAGEIF('Данные 1st'!$S$2:$S$317,$A2,'Данные 1st'!$SG$2:$SG$317),"") | IN2: =IFERROR(AVERAGEIF('Данные 1st'!$S$2:$S$317,$A2,'Данные 1st'!$SH$2:$SH$317),"") -> 0.995 | IO2: =IFERROR(AVERAGEIF('Данные 1st'!$S$2:$S$317,$A2,'Данные 1st'!$SI$2:$SI$317),"") -> 0.995 | IP2: =IFERROR(AVERAGEIF('Данные 1st'!$S$2:$S$317,$A2,'Данные 1st'!$SJ$2:$SJ$317),"") -> 0.995 | IQ2: =IFERROR(AVERAGEIF('Данные 1st'!$S$2:$S$317,$A2,'Данные 1st'!$SK$2:$SK$317),"") -> 15 | IR2: =IFERROR(AVERAGEIF('Данные 1st'!$S$2:$S$317,$A2,'Данные 1st'!$SL$2:$SL$317),"") -> 0 | IS2: =IFERROR(AVERAGEIF('Данные 1st'!$S$2:$S$317,$A2,'Данные 1st'!$SM$2:$SM$317),"") -> 0 | IT2: =IFERROR(AVERAGEIF('Данные 1st'!$S$2:$S$317,$A2,'Данные 1st'!$SN$2:$SN$317),"") -> 0 | IU2: =IFERROR(AVERAGEIF('Данные 1st'!$S$2:$S$317,$A2,'Данные 1st'!$SO$2:$SO$317),"") -> 0 | IV2: =IFERROR(AVERAGEIF('Данные 1st'!$S$2:$S$317,$A2,'Данные 1st'!$SP$2:$SP$317),"") -> 0 | IW2: =IFERROR(AVERAGEIF('Данные 1st'!$S$2:$S$317,$A2,'Данные 1st'!$SQ$2:$SQ$317),"") -> 0 | IX2: =IFERROR(AVERAGEIF('Данные 1st'!$S$2:$S$317,$A2,'Данные 1st'!$SR$2:$SR$317),"") -> 0 | IY2: =IFERROR(AVERAGEIF('Данные 1st'!$S$2:$S$317,$A2,'Данные 1st'!$SS$2:$SS$317),"") -> 0 | IZ2: =IFERROR(AVERAGEIF('Данные 1st'!$S$2:$S$317,$A2,'Данные 1st'!$ST$2:$ST$317),"") -> 0 | JA2: =IFERROR(AVERAGEIF('Данные 1st'!$S$2:$S$317,$A2,'Данные 1st'!$SU$2:$SU$317),"") -> 0 | JB2: =IFERROR(AVERAGEIF('Данные 1st'!$S$2:$S$317,$A2,'Данные 1st'!$SV$2:$SV$317),"") -> 0 | JC2: =IFERROR(AVERAGEIF('Данные 1st'!$S$2:$S$317,$A2,'Данные 1st'!$SW$2:$SW$317),"") -> 0 | JD2: =IFERROR(AVERAGEIF('Данные 1st'!$S$2:$S$317,$A2,'Данные 1st'!$SX$2:$SX$317),"") -> 0 | JE2: =IFERROR(AVERAGEIF('Данные 1st'!$S$2:$S$317,$A2,'Данные 1st'!$SY$2:$SY$317),"") | JF2: =IFERROR(AVERAGEIF('Данные 1st'!$S$2:$S$317,$A2,'Данные 1st'!$SZ$2:$SZ$317),"") | JG2: =IFERROR(AVERAGEIF('Данные 1st'!$S$2:$S$317,$A2,'Данные 1st'!$TA$2:$TA$317),"") | JH2: =IFERROR(AVERAGEIF('Данные 1st'!$S$2:$S$317,$A2,'Данные 1st'!$TB$2:$TB$317),"") -> 0 | JI2: =IFERROR(AVERAGEIF('Данные 1st'!$S$2:$S$317,$A2,'Данные 1st'!$TC$2:$TC$317),"") -> 0 | JJ2: =IFERROR(AVERAGEIF('Данные 1st'!$S$2:$S$317,$A2,'Данные 1st'!$TD$2:$TD$317),"") -> 7.5 | JK2: =IFERROR(AVERAGEIF('Данные 1st'!$S$2:$S$317,$A2,'Данные 1st'!$TN$2:$TN$317),"") -> 0 | JL2: =COUNTIF('Данные 2st'!$Q$2:$Q$317,$A2) -> 4 | JM2: EcoC; RUN TOUR; SControl; SM7000 | JN2: K1-S | JO2: PSR; PXR | JP2: EC04; FS14; IC24; SP04 | JQ2: =IFERROR(AVERAGEIF('Данные 2st'!$Q$2:$Q$317,$A2,'Данные 2st'!$AC$2:$AC$317),"") -> 12.5 | JR2: =IFERROR(AVERAGEIF('Данные 2st'!$Q$2:$Q$317,$A2,'Данные 2st'!$AF$2:$AF$317),"") -> 3071.5 | JS2: =IFERROR(AVERAGEIF('Данные 2st'!$Q$2:$Q$317,$A2,'Данные 2st'!$AW$2:$AW$317),"") -> 6.4 | JT2: =IFERROR(AVERAGEIF('Данные 2st'!$Q$2:$Q$317,$A2,'Данные 2st'!$AX$2:$AX$317),"") -> -6 | JU2: =IFERROR(AVERAGEIF('Данные 2st'!$Q$2:$Q$317,$A2,'Данные 2st'!$AY$2:$AY$317),"") -> 74.75 | JV2: =IFERROR(AVERAGEIF('Данные 2st'!$Q$2:$Q$317,$A2,'Данные 2st'!$AZ$2:$AZ$317),"") -> 62.75 | JW2: =IFERROR(AVERAGEIF('Данные 2st'!$Q$2:$Q$317,$A2,'Данные 2st'!$BA$2:$BA$317),"") | JX2: =IFERROR(AVERAGEIF('Данные 2st'!$Q$2:$Q$317,$A2,'Данные 2st'!$BB$2:$BB$317),"") | JY2: =IFERROR(AVERAGEIF('Данные 2st'!$Q$2:$Q$317,$A2,'Данные 2st'!$BC$2:$BC$317),"") | JZ2: =IFERROR(AVERAGEIF('Данные 2st'!$Q$2:$Q$317,$A2,'Данные 2st'!$BH$2:$BH$317),"") -> 74.75 | KA2: =IFERROR(AVERAGEIF('Данные 2st'!$Q$2:$Q$317,$A2,'Данные 2st'!$BI$2:$BI$317),"") -> 12 | KB2: =IFERROR(AVERAGEIF('Данные 2st'!$Q$2:$Q$317,$A2,'Данные 2st'!$BJ$2:$BJ$317),"") -> 62.75 | KC2: =IFERROR(AVERAGEIF('Данные 2st'!$Q$2:$Q$317,$A2,'Данные 2st'!$BK$2:$BK$317),"") -> 3.5 | KD2: =IFERROR(AVERAGEIF('Данные 2st'!$Q$2:$Q$317,$A2,'Данные 2st'!$BL$2:$BL$317),"") -> 149.5 | KE2: =IFERROR(AVERAGEIF('Данные 2st'!$Q$2:$Q$317,$A2,'Данные 2st'!$BM$2:$BM$317),"") -> -6 | KF2: =IFERROR(AVERAGEIF('Данные 2st'!$Q$2:$Q$317,$A2,'Данные 2st'!$BN$2:$BN$317),"") -> 0 | KG2: =IFERROR(AVERAGEIF('Данные 2st'!$Q$2:$Q$317,$A2,'Данные 2st'!$BO$2:$BO$317),"") -> 0 | KH2: =IFERROR(AVERAGEIF('Данные 2st'!$Q$2:$Q$317,$A2,'Данные 2st'!$BP$2:$BP$317),"") -> 0 | KI2: =IFERROR(AVERAGEIF('Данные 2st'!$Q$2:$Q$317,$A2,'Данные 2st'!$BR$2:$BR$317),"") -> 142.5 | KJ2: =IFERROR(AVERAGEIF('Данные 2st'!$Q$2:$Q$317,$A2,'Данные 2st'!$BS$2:$BS$317),"") -> 132.5 | KK2: =IFERROR(AVERAGEIF('Данные 2st'!$Q$2:$Q$317,$A2,'Данные 2st'!$BT$2:$BT$317),"") -> 1706.25 | KL2: =IFERROR(AVERAGEIF('Данные 2st'!$Q$2:$Q$317,$A2,'Данные 2st'!$CV$2:$CV$317),"") -> 98.25 | KM2: =IFERROR(AVERAGEIF('Данные 2st'!$Q$2:$Q$317,$A2,'Данные 2st'!$CW$2:$CW$317),"") -> 3 | KN2: =IFERROR(AVERAGEIF('Данные 2st'!$Q$2:$Q$317,$A2,'Данные 2st'!$CX$2:$CX$317),"") -> 65.75 | KO2: =IFERROR(AVERAGEIF('Данные 2st'!$Q$2:$Q$317,$A2,'Данные 2st'!$CY$2:$CY$317),"") -> 5 | KP2: =IFERROR(AVERAGEIF('Данные 2st'!$Q$2:$Q$317,$A2,'Данные 2st'!$CZ$2:$CZ$317),"") -> 116 | KQ2: =IFERROR(AVERAGEIF('Данные 2st'!$Q$2:$Q$317,$A2,'Данные 2st'!$DA$2:$DA$317),"") -> 5 | KR2: =IFERROR(AVERAGEIF('Данные 2st'!$Q$2:$Q$317,$A2,'Данные 2st'!$DB$2:$DB$317),"") -> 6970 | KS2: =IFERROR(AVERAGEIF('Данные 2st'!$Q$2:$Q$317,$A2,'Данные 2st'!$DC$2:$DC$317),"") -> 205 | KT2: =IFERROR(AVERAGEIF('Данные 2st'!$Q$2:$Q$317,$A2,'Данные 2st'!$DD$2:$DD$317),"") -> 259 | KU2: =IFERROR(AVERAGEIF('Данные 2st'!$Q$2:$Q$317,$A2,'Данные 2st'!$DE$2:$DE$317),"") -> 1799 | KV2: =IFERROR(AVERAGEIF('Данные 2st'!$Q$2:$Q$317,$A2,'Данные 2st'!$DF$2:$DF$317),"") -> 1799 | KW2: =IFERROR(AVERAGEIF('Данные 2st'!$Q$2:$Q$317,$A2,'Данные 2st'!$DG$2:$DG$317),"") -> 1811 | KX2: =IFERROR(AVERAGEIF('Данные 2st'!$Q$2:$Q$317,$A2,'Данные 2st'!$DH$2:$DH$317),"") | KY2: =IFERROR(AVERAGEIF('Данные 2st'!$Q$2:$Q$317,$A2,'Данные 2st'!$DI$2:$DI$317),"") -> 1775 | KZ2: =IFERROR(AVERAGEIF('Данные 2st'!$Q$2:$Q$317,$A2,'Данные 2st'!$DK$2:$DK$317),"") -> 142.5 | LA2: =IFERROR(AVERAGEIF('Данные 2st'!$Q$2:$Q$317,$A2,'Данные 2st'!$DM$2:$DM$317),"") -> 63.5 | LB2: =IFERROR(AVERAGEIF('Данные 2st'!$Q$2:$Q$317,$A2,'Данные 2st'!$DN$2:$DN$317),"") -> 0.84 | LC2: =IFERROR(AVERAGEIF('Данные 2st'!$Q$2:$Q$317,$A2,'Данные 2st'!$DO$2:$DO$317),"") -> 1 | LD2: =IFERROR(AVERAGEIF('Данные 2st'!$Q$2:$Q$317,$A2,'Данные 2st'!$DP$2:$DP$317),"") -> 1709.25 | LE2: =IFERROR(AVERAGEIF('Данные 2st'!$Q$2:$Q$317,$A2,'Данные 2st'!$DQ$2:$DQ$317),"") -> 445 | LF2: =IFERROR(AVERAGEIF('Данные 2st'!$Q$2:$Q$317,$A2,'Данные 2st'!$DS$2:$DS$317),"") -> 132.5 | LG2: =IFERROR(AVERAGEIF('Данные 2st'!$Q$2:$Q$317,$A2,'Данные 2st'!$DU$2:$DU$317),"") -> 63.5 | LH2: =IFERROR(AVERAGEIF('Данные 2st'!$Q$2:$Q$317,$A2,'Данные 2st'!$DV$2:$DV$317),"") -> 0.84 | LI2: =IFERROR(AVERAGEIF('Данные 2st'!$Q$2:$Q$317,$A2,'Данные 2st'!$DW$2:$DW$317),"") -> 1 | LJ2: =IFERROR(AVERAGEIF('Данные 2st'!$Q$2:$Q$317,$A2,'Данные 2st'!$DX$2:$DX$317),"") -> 1716.25 | LK2: =IFERROR(AVERAGEIF('Данные 2st'!$Q$2:$Q$317,$A2,'Данные 2st'!$DY$2:$DY$317),"") -> 416 | LL2: =IFERROR(AVERAGEIF('Данные 2st'!$Q$2:$Q$317,$A2,'Данные 2st'!$EA$2:$EA$317),"") -> 33 | LM2: =IFERROR(AVERAGEIF('Данные 2st'!$Q$2:$Q$317,$A2,'Данные 2st'!$EC$2:$EC$317),"") -> 0.4 | LN2: =IFERROR(AVERAGEIF('Данные 2st'!$Q$2:$Q$317,$A2,'Данные 2st'!$ED$2:$ED$317),"") -> 1709.25 | LO2: =IFERROR(AVERAGEIF('Данные 2st'!$Q$2:$Q$317,$A2,'Данные 2st'!$EE$2:$EE$317),"") -> 49.75 | LP2: =IFERROR(AVERAGEIF('Данные 2st'!$Q$2:$Q$317,$A2,'Данные 2st'!$EG$2:$EG$317),"") -> 33 | LQ2: =IFERROR(AVERAGEIF('Данные 2st'!$Q$2:$Q$317,$A2,'Данные 2st'!$EI$2:$EI$317),"") -> 0.4 | LR2: =IFERROR(AVERAGEIF('Данные 2st'!$Q$2:$Q$317,$A2,'Данные 2st'!$EJ$2:$EJ$317),"") -> 1716.25 | LS2: =IFERROR(AVERAGEIF('Данные 2st'!$Q$2:$Q$317,$A2,'Данные 2st'!$EK$2:$EK$317),"") -> 50 | LT2: =IFERROR(AVERAGEIF('Данные 2st'!$Q$2:$Q$317,$A2,'Данные 2st'!$EM$2:$EM$317),"") -> 12 | LU2: =IFERROR(AVERAGEIF('Данные 2st'!$Q$2:$Q$317,$A2,'Данные 2st'!$EN$2:$EN$317),"") -> 0.5 | LV2: =IFERROR(AVERAGEIF('Данные 2st'!$Q$2:$Q$317,$A2,'Данные 2st'!$EO$2:$EO$317),"") -> 0.8175 | LW2: =IFERROR(AVERAGEIF('Данные 2st'!$Q$2:$Q$317,$A2,'Данные 2st'!$EP$2:$EP$317),"") -> 1716.81 | LX2: =IFERROR(AVERAGEIF('Данные 2st'!$Q$2:$Q$317,$A2,'Данные 2st'!$EQ$2:$EQ$317),"") -> 21659.603 | LY2: =IFERROR(AVERAGEIF('Данные 2st'!$Q$2:$Q$317,$A2,'Данные 2st'!$ER$2:$ER$317),"") -> 3229.095 | LZ2: =IFERROR(AVERAGEIF('Данные 2st'!$Q$2:$Q$317,$A2,'Данные 2st'!$ES$2:$ES$317),"") -> 0 | MA2: =IFERROR(AVERAGEIF('Данные 2st'!$Q$2:$Q$317,$A2,'Данные 2st'!$ET$2:$ET$317),"") -> 0 | MB2: =IFERROR(AVERAGEIF('Данные 2st'!$Q$2:$Q$317,$A2,'Данные 2st'!$EU$2:$EU$317),"") -> 1 | MC2: =IFERROR(AVERAGEIF('Данные 2st'!$Q$2:$Q$317,$A2,'Данные 2st'!$EV$2:$EV$317),"") -> 24889.25 | MD2: =IFERROR(AVERAGEIF('Данные 2st'!$Q$2:$Q$317,$A2,'Данные 2st'!$EW$2:$EW$317),"") -> 262 | ME2: =IFERROR(AVERAGEIF('Данные 2st'!$Q$2:$Q$317,$A2,'Данные 2st'!$EY$2:$EY$317),"") -> 160.5 | MF2: =IFERROR(AVERAGEIF('Данные 2st'!$Q$2:$Q$317,$A2,'Данные 2st'!$FA$2:$FA$317),"") -> 5.2 | MG2: =IFERROR(AVERAGEIF('Данные 2st'!$Q$2:$Q$317,$A2,'Данные 2st'!$FB$2:$FB$317),"") -> 1 | MH2: =IFERROR(AVERAGEIF('Данные 2st'!$Q$2:$Q$317,$A2,'Данные 2st'!$FC$2:$FC$317),"") -> 1 | MI2: =IFERROR(AVERAGEIF('Данные 2st'!$Q$2:$Q$317,$A2,'Данные 2st'!$FD$2:$FD$317),"") -> 1747.75 | MJ2: =IFERROR(AVERAGEIF('Данные 2st'!$Q$2:$Q$317,$A2,'Данные 2st'!$FE$2:$FE$317),"") -> 1608 | MK2: =IFERROR(AVERAGEIF('Данные 2st'!$Q$2:$Q$317,$A2,'Данные 2st'!$FG$2:$FG$317),"") -> 163 | ML2: =IFERROR(AVERAGEIF('Данные 2st'!$Q$2:$Q$317,$A2,'Данные 2st'!$FI$2:$FI$317),"") -> 2.475 | MM2: =IFERROR(AVERAGEIF('Данные 2st'!$Q$2:$Q$317,$A2,'Данные 2st'!$FJ$2:$FJ$317),"") -> 1747.75 | MN2: =IFERROR(AVERAGEIF('Данные 2st'!$Q$2:$Q$317,$A2,'Данные 2st'!$FK$2:$FK$317),"") -> 801.25 | MO2: =IFERROR(AVERAGEIF('Данные 2st'!$Q$2:$Q$317,$A2,'Данные 2st'!$FP$2:$FP$317),"") -> 1747.75 | MP2: =IFERROR(AVERAGEIF('Данные 2st'!$Q$2:$Q$317,$A2,'Данные 2st'!$FQ$2:$FQ$317),"") -> 119.5 | MQ2: =IFERROR(AVERAGEIF('Данные 2st'!$Q$2:$Q$317,$A2,'Данные 2st'!$FS$2:$FS$317),"") -> 167 | MR2: =IFERROR(AVERAGEIF('Данные 2st'!$Q$2:$Q$317,$A2,'Данные 2st'!$FU$2:$FU$317),"") -> 0.4 | MS2: =IFERROR(AVERAGEIF('Данные 2st'!$Q$2:$Q$317,$A2,'Данные 2st'!$FV$2:$FV$317),"") -> 1747.75 | MT2: =IFERROR(AVERAGEIF('Данные 2st'!$Q$2:$Q$317,$A2,'Данные 2st'!$FW$2:$FW$317),"") -> 130 | MU2: =IFERROR(AVERAGEIF('Данные 2st'!$Q$2:$Q$317,$A2,'Данные 2st'!$FY$2:$FY$317),"") -> 8.3333333 | MV2: =IFERROR(AVERAGEIF('Данные 2st'!$Q$2:$Q$317,$A2,'Данные 2st'!$GB$2:$GB$317),"") -> 1747.3333 | MW2: =IFERROR(AVERAGEIF('Данные 2st'!$Q$2:$Q$317,$A2,'Данные 2st'!$GC$2:$GC$317),"") -> 16 | MX2: =IFERROR(AVERAGEIF('Данные 2st'!$Q$2:$Q$317,$A2,'Данные 2st'!$GD$2:$GD$317),"") -> 2670.75 | MY2: =IFERROR(AVERAGEIF('Данные 2st'!$Q$2:$Q$317,$A2,'Данные 2st'!$GN$2:$GN$317),"") | MZ2: =IFERROR(AVERAGEIF('Данные 2st'!$Q$2:$Q$317,$A2,'Данные 2st'!$GQ$2:$GQ$317),"") -> 0 | NA2: =IFERROR(AVERAGEIF('Данные 2st'!$Q$2:$Q$317,$A2,'Данные 2st'!$GV$2:$GV$317),"") -> 8.075 | NB2: =IFERROR(AVERAGEIF('Данные 2st'!$Q$2:$Q$317,$A2,'Данные 2st'!$GW$2:$GW$317),"") -> 9.55 | NC2: =IFERROR(AVERAGEIF('Данные 2st'!$Q$2:$Q$317,$A2,'Данные 2st'!$GX$2:$GX$317),"") -> 0.5 | ND2: =IFERROR(AVERAGEIF('Данные 2st'!$Q$2:$Q$317,$A2,'Данные 2st'!$GY$2:$GY$317),"") -> 133.5 | NE2: =IFERROR(AVERAGEIF('Данные 2st'!$Q$2:$Q$317,$A2,'Данные 2st'!$GZ$2:$GZ$317),"") -> 3 | NF2: =IFERROR(AVERAGEIF('Данные 2st'!$Q$2:$Q$317,$A2,'Данные 2st'!$HA$2:$HA$317),"") -> 179 | NG2: =IFERROR(AVERAGEIF('Данные 2st'!$Q$2:$Q$317,$A2,'Данные 2st'!$HB$2:$HB$317),"") -> 3 | NH2: =IFERROR(AVERAGEIF('Данные 2st'!$Q$2:$Q$317,$A2,'Данные 2st'!$HC$2:$HC$317),"") -> 1747.75 | NI2: =IFERROR(AVERAGEIF('Данные 2st'!$Q$2:$Q$317,$A2,'Данные 2st'!$HD$2:$HD$317),"") -> 4 | NJ2: =IFERROR(AVERAGEIF('Данные 2st'!$Q$2:$Q$317,$A2,'Данные 2st'!$HM$2:$HM$317),"") -> 14 | NK2: =IFERROR(AVERAGEIF('Данные 2st'!$Q$2:$Q$317,$A2,'Данные 2st'!$HR$2:$HR$317),"") -> 1.25 | NL2: =IFERROR(AVERAGEIF('Данные 2st'!$Q$2:$Q$317,$A2,'Данные 2st'!$HS$2:$HS$317),"") -> 1706.25 | NM2: =IFERROR(AVERAGEIF('Данные 2st'!$Q$2:$Q$317,$A2,'Данные 2st'!$HT$2:$HT$317),"") -> 5.25 | NN2: =IFERROR(AVERAGEIF('Данные 2st'!$Q$2:$Q$317,$A2,'Данные 2st'!$HY$2:$HY$317),"") -> 0 | NO2: =IFERROR(AVERAGEIF('Данные 2st'!$Q$2:$Q$317,$A2,'Данные 2st'!$HZ$2:$HZ$317),"") -> 63.5 | NP2: =IFERROR(AVERAGEIF('Данные 2st'!$Q$2:$Q$317,$A2,'Данные 2st'!$IA$2:$IA$317),"") -> 1709.25 | NQ2: =IFERROR(AVERAGEIF('Данные 2st'!$Q$2:$Q$317,$A2,'Данные 2st'!$IB$2:$IB$317),"") -> 1716.25 | NR2: =IFERROR(AVERAGEIF('Данные 2st'!$Q$2:$Q$317,$A2,'Данные 2st'!$IC$2:$IC$317),"") | NS2: =IFERROR(AVERAGEIF('Данные 2st'!$Q$2:$Q$317,$A2,'Данные 2st'!$ID$2:$ID$317),"") -> 1747.75 | NT2: =IFERROR(AVERAGEIF('Данные 2st'!$Q$2:$Q$317,$A2,'Данные 2st'!$IE$2:$IE$317),"") -> 1747.75 | NU2: =IFERROR(AVERAGEIF('Данные 2st'!$Q$2:$Q$317,$A2,'Данные 2st'!$IF$2:$IF$317),"") -> 142.5 | NV2: =IFERROR(AVERAGEIF('Данные 2st'!$Q$2:$Q$317,$A2,'Данные 2st'!$IG$2:$IG$317),"") -> 132.5 | NW2: =IFERROR(AVERAGEIF('Данные 2st'!$Q$2:$Q$317,$A2,'Данные 2st'!$IH$2:$IH$317),"") -> 179 | NX2: =IFERROR(AVERAGEIF('Данные 2st'!$Q$2:$Q$317,$A2,'Данные 2st'!$IJ$2:$IJ$317),"") -> 5 | NY2: =IFERROR(AVERAGEIF('Данные 2st'!$Q$2:$Q$317,$A2,'Данные 2st'!$IM$2:$IM$317),"") -> 0 | NZ2: =IFERROR(AVERAGEIF('Данные 2st'!$Q$2:$Q$317,$A2,'Данные 2st'!$IN$2:$IN$317),"") -> 270 | OA2: =IFERROR(AVERAGEIF('Данные 2st'!$Q$2:$Q$317,$A2,'Данные 2st'!$IO$2:$IO$317),"") -> 0 | OB2: =IFERROR(AVERAGEIF('Данные 2st'!$Q$2:$Q$317,$A2,'Данные 2st'!$IP$2:$IP$317),"") -> 180 | OC2: =IFERROR(AVERAGEIF('Данные 2st'!$Q$2:$Q$317,$A2,'Данные 2st'!$IQ$2:$IQ$317),"") -> 0 | OD2: =IFERROR(AVERAGEIF('Данные 2st'!$Q$2:$Q$317,$A2,'Данные 2st'!$IR$2:$IR$317),"") -> 330 | OE2: =IFERROR(AVERAGEIF('Данные 2st'!$Q$2:$Q$317,$A2,'Данные 2st'!$IT$2:$IT$317),"") -> 92.5 | OF2: =IFERROR(AVERAGEIF('Данные 2st'!$Q$2:$Q$317,$A2,'Данные 2st'!$IU$2:$IU$317),"") -> 0 | OG2: =IFERROR(AVERAGEIF('Данные 2st'!$Q$2:$Q$317,$A2,'Данные 2st'!$IV$2:$IV$317),"") -> 6.4 | OH2: =IFERROR(AVERAGEIF('Данные 2st'!$Q$2:$Q$317,$A2,'Данные 2st'!$IW$2:$IW$317),"") -> -6 | OI2: =IFERROR(AVERAGEIF('Данные 2st'!$Q$2:$Q$317,$A2,'Данные 2st'!$IX$2:$IX$317),"") -> 74.75 | OJ2: =IFERROR(AVERAGEIF('Данные 2st'!$Q$2:$Q$317,$A2,'Данные 2st'!$IY$2:$IY$317),"") -> 62.75 | OK2: =IFERROR(AVERAGEIF('Данные 2st'!$Q$2:$Q$317,$A2,'Данные 2st'!$IZ$2:$IZ$317),"") -> 0 | OL2: =IFERROR(AVERAGEIF('Данные 2st'!$Q$2:$Q$317,$A2,'Данные 2st'!$JA$2:$JA$317),"") -> 0 | OM2: =IFERROR(AVERAGEIF('Данные 2st'!$Q$2:$Q$317,$A2,'Данные 2st'!$JB$2:$JB$317),"") -> 0 | ON2: =IFERROR(AVERAGEIF('Данные 2st'!$Q$2:$Q$317,$A2,'Данные 2st'!$JC$2:$JC$317),"") -> 0 | OO2: =IFERROR(AVERAGEIF('Данные 2st'!$Q$2:$Q$317,$A2,'Данные 2st'!$JD$2:$JD$317),"") -> 0 | OP2: =IFERROR(AVERAGEIF('Данные 2st'!$Q$2:$Q$317,$A2,'Данные 2st'!$JE$2:$JE$317),"") -> 0 | OQ2: =IFERROR(AVERAGEIF('Данные 2st'!$Q$2:$Q$317,$A2,'Данные 2st'!$JF$2:$JF$317),"") -> 0 | OR2: =IFERROR(AVERAGEIF('Данные 2st'!$Q$2:$Q$317,$A2,'Данные 2st'!$JG$2:$JG$317),"") -> 0 | OS2: =IFERROR(AVERAGEIF('Данные 2st'!$Q$2:$Q$317,$A2,'Данные 2st'!$JH$2:$JH$317),"") -> 0 | OT2: =IFERROR(AVERAGEIF('Данные 2st'!$Q$2:$Q$317,$A2,'Данные 2st'!$JI$2:$JI$317),"") -> 318 | OU2: =IFERROR(AVERAGEIF('Данные 2st'!$Q$2:$Q$317,$A2,'Данные 2st'!$JJ$2:$JJ$317),"") -> 280 | OV2: =IFERROR(AVERAGEIF('Данные 2st'!$Q$2:$Q$317,$A2,'Данные 2st'!$JK$2:$JK$317),"") -> 215.75 | OW2: =IFERROR(AVERAGEIF('Данные 2st'!$Q$2:$Q$317,$A2,'Данные 2st'!$JL$2:$JL$317),"") -> 276.5 | OX2: =IFERROR(AVERAGEIF('Данные 2st'!$Q$2:$Q$317,$A2,'Данные 2st'!$JM$2:$JM$317),"") -> 224.25 | OY2: =IFERROR(AVERAGEIF('Данные 2st'!$Q$2:$Q$317,$A2,'Данные 2st'!$JP$2:$JP$317),"") -> 242.5 | OZ2: =IFERROR(AVERAGEIF('Данные 2st'!$Q$2:$Q$317,$A2,'Данные 2st'!$JQ$2:$JQ$317),"") -> 282.5 | PA2: =IFERROR(AVERAGEIF('Данные 2st'!$Q$2:$Q$317,$A2,'Данные 2st'!$JR$2:$JR$317),"") -> 358.5 | PB2: =IFERROR(AVERAGEIF('Данные 2st'!$Q$2:$Q$317,$A2,'Данные 2st'!$JS$2:$JS$317),"") -> 278.75 | PC2: =IFERROR(AVERAGEIF('Данные 2st'!$Q$2:$Q$317,$A2,'Данные 2st'!$JT$2:$JT$317),"") -> 0 | PD2: =IFERROR(AVERAGEIF('Данные 2st'!$Q$2:$Q$317,$A2,'Данные 2st'!$JU$2:$JU$317),"") -> 0 | PE2: =IFERROR(AVERAGEIF('Данные 2st'!$Q$2:$Q$317,$A2,'Данные 2st'!$JV$2:$JV$317),"") -> 335 | PF2: =IFERROR(AVERAGEIF('Данные 2st'!$Q$2:$Q$317,$A2,'Данные 2st'!$JW$2:$JW$317),"") -> 337 | PG2: =IFERROR(AVERAGEIF('Данные 2st'!$Q$2:$Q$317,$A2,'Данные 2st'!$KF$2:$KF$317),"") -> 0.19 | PH2: =IFERROR(AVERAGEIF('Данные 2st'!$Q$2:$Q$317,$A2,'Данные 2st'!$KG$2:$KG$317),"") -> 0.1 | PI2: =IFERROR(AVERAGEIF('Данные 2st'!$Q$2:$Q$317,$A2,'Данные 2st'!$KM$2:$KM$317),"") -> 1.5 | PJ2: =IFERROR(AVERAGEIF('Данные 2st'!$Q$2:$Q$317,$A2,'Данные 2st'!$KN$2:$KN$317),"") -> 1 | PK2: =IFERROR(AVERAGEIF('Данные 2st'!$Q$2:$Q$317,$A2,'Данные 2st'!$KO$2:$KO$317),"") -> 1 | PL2: =IFERROR(AVERAGEIF('Данные 2st'!$Q$2:$Q$317,$A2,'Данные 2st'!$KP$2:$KP$317),"") -> 0.525 | PM2: =IFERROR(AVERAGEIF('Данные 2st'!$Q$2:$Q$317,$A2,'Данные 2st'!$KQ$2:$KQ$317),"") -> 0.875 | PN2: =IFERROR(AVERAGEIF('Данные 2st'!$Q$2:$Q$317,$A2,'Данные 2st'!$KR$2:$KR$317),"") -> 0.925 | PO2: =IFERROR(AVERAGEIF('Данные 2st'!$Q$2:$Q$317,$A2,'Данные 2st'!$KS$2:$KS$317),"") -> 0 | PP2: =IFERROR(AVERAGEIF('Данные 2st'!$Q$2:$Q$317,$A2,'Данные 2st'!$KT$2:$KT$317),"") -> 1.95 | PQ2: =IFERROR(AVERAGEIF('Данные 2st'!$Q$2:$Q$317,$A2,'Данные 2st'!$KU$2:$KU$317),"") -> 0.25 | PR2: =IFERROR(AVERAGEIF('Данные 2st'!$Q$2:$Q$317,$A2,'Данные 2st'!$KV$2:$KV$317),"") -> 0.7 | PS2: =IFERROR(AVERAGEIF('Данные 2st'!$Q$2:$Q$317,$A2,'Данные 2st'!$KW$2:$KW$317),"") -> 1.1 | PT2: =IFERROR(AVERAGEIF('Данные 2st'!$Q$2:$Q$317,$A2,'Данные 2st'!$KX$2:$KX$317),"") -> 2 | PU2: =IFERROR(AVERAGEIF('Данные 2st'!$Q$2:$Q$317,$A2,'Данные 2st'!$KY$2:$KY$317),"") -> 0.5 | PV2: =IFERROR(AVERAGEIF('Данные 2st'!$Q$2:$Q$317,$A2,'Данные 2st'!$KZ$2:$KZ$317),"") -> 3.7 | PW2: =IFERROR(AVERAGEIF('Данные 2st'!$Q$2:$Q$317,$A2,'Данные 2st'!$LA$2:$LA$317),"") -> 2.35 | PX2: =IFERROR(AVERAGEIF('Данные 2st'!$Q$2:$Q$317,$A2,'Данные 2st'!$LB$2:$LB$317),"") -> 10 | PY2: =IFERROR(AVERAGEIF('Данные 2st'!$Q$2:$Q$317,$A2,'Данные 2st'!$LC$2:$LC$317),"") -> 2.725 | PZ2: =IFERROR(AVERAGEIF('Данные 2st'!$Q$2:$Q$317,$A2,'Данные 2st'!$LD$2:$LD$317),"") -> 3.2 | QA2: =IFERROR(AVERAGEIF('Данные 2st'!$Q$2:$Q$317,$A2,'Данные 2st'!$LE$2:$LE$317),"") -> 2.325 | QB2: =IFERROR(AVERAGEIF('Данные 2st'!$Q$2:$Q$317,$A2,'Данные 2st'!$LF$2:$LF$317),"") -> 0 | QC2: =IFERROR(AVERAGEIF('Данные 2st'!$Q$2:$Q$317,$A2,'Данные 2st'!$LG$2:$LG$317),"") -> 0 | QD2: =IFERROR(AVERAGEIF('Данные 2st'!$Q$2:$Q$317,$A2,'Данные 2st'!$LH$2:$LH$317),"") -> 2.25 | QE2: =IFERROR(AVERAGEIF('Данные 2st'!$Q$2:$Q$317,$A2,'Данные 2st'!$LJ$2:$LJ$317),"") -> 0.025 | QF2: =IFERROR(AVERAGEIF('Данные 2st'!$Q$2:$Q$317,$A2,'Данные 2st'!$LK$2:$LK$317),"") -> 7.5 | QG2: =IFERROR(AVERAGEIF('Данные 2st'!$Q$2:$Q$317,$A2,'Данные 2st'!$LL$2:$LL$317),"") -> 7.25 | QH2: =IFERROR(AVERAGEIF('Данные 2st'!$Q$2:$Q$317,$A2,'Данные 2st'!$LM$2:$LM$317),"") -> 10 | QI2: =IFERROR(AVERAGEIF('Данные 2st'!$Q$2:$Q$317,$A2,'Данные 2st'!$LN$2:$LN$317),"") -> 0.325 | QJ2: =IFERROR(AVERAGEIF('Данные 2st'!$Q$2:$Q$317,$A2,'Данные 2st'!$LO$2:$LO$317),"") -> 1.175 | QK2: =IFERROR(AVERAGEIF('Данные 2st'!$Q$2:$Q$317,$A2,'Данные 2st'!$LP$2:$LP$317),"") -> 0 | QL2: =IFERROR(AVERAGEIF('Данные 2st'!$Q$2:$Q$317,$A2,'Данные 2st'!$LQ$2:$LQ$317),"") -> 0 | QM2: =IFERROR(AVERAGEIF('Данные 2st'!$Q$2:$Q$317,$A2,'Данные 2st'!$LW$2:$LW$317),"") -> 0 | QN2: =IFERROR(AVERAGEIF('Данные 2st'!$Q$2:$Q$317,$A2,'Данные 2st'!$LX$2:$LX$317),"") -> 0 | QO2: =IFERROR(AVERAGEIF('Данные 2st'!$Q$2:$Q$317,$A2,'Данные 2st'!$LY$2:$LY$317),"") -> 0 | QP2: =IFERROR(AVERAGEIF('Данные 2st'!$Q$2:$Q$317,$A2,'Данные 2st'!$LZ$2:$LZ$317),"") -> 0 | QQ2: =IFERROR(AVERAGEIF('Данные 2st'!$Q$2:$Q$317,$A2,'Данные 2st'!$MB$2:$MB$317),"") -> 8.75 | QR2: =IFERROR(AVERAGEIF('Данные 2st'!$Q$2:$Q$317,$A2,'Данные 2st'!$MG$2:$MG$317),"") | QS2: =IFERROR(AVERAGEIF('Данные 2st'!$Q$2:$Q$317,$A2,'Данные 2st'!$MH$2:$MH$317),"") | QT2: =IFERROR(AVERAGEIF('Данные 2st'!$Q$2:$Q$317,$A2,'Данные 2st'!$MI$2:$MI$317),"") -> 0 | QU2: =IFERROR(AVERAGEIF('Данные 2st'!$Q$2:$Q$317,$A2,'Данные 2st'!$MJ$2:$MJ$317),"") -> 0 | QV2: =IFERROR(AVERAGEIF('Данные 2st'!$Q$2:$Q$317,$A2,'Данные 2st'!$MK$2:$MK$317),"") | QW2: =IFERROR(AVERAGEIF('Данные 2st'!$Q$2:$Q$317,$A2,'Данные 2st'!$MM$2:$MM$317),"") -> 333.5 | QX2: =IFERROR(AVERAGEIF('Данные 2st'!$Q$2:$Q$317,$A2,'Данные 2st'!$MQ$2:$MQ$317),"") | QY2: =IFERROR(AVERAGEIF('Данные 2st'!$Q$2:$Q$317,$A2,'Данные 2st'!$MR$2:$MR$317),"") | QZ2: =IFERROR(AVERAGEIF('Данные 2st'!$Q$2:$Q$317,$A2,'Данные 2st'!$MS$2:$MS$317),"") | RA2: =IFERROR(AVERAGEIF('Данные 2st'!$Q$2:$Q$317,$A2,'Данные 2st'!$MT$2:$MT$317),"") | RB2: =IFERROR(AVERAGEIF('Данные 2st'!$Q$2:$Q$317,$A2,'Данные 2st'!$MU$2:$MU$317),"") | RC2: =IFERROR(AVERAGEIF('Данные 2st'!$Q$2:$Q$317,$A2,'Данные 2st'!$MV$2:$MV$317),"") | RD2: =IFERROR(AVERAGEIF('Данные 2st'!$Q$2:$Q$317,$A2,'Данные 2st'!$MW$2:$MW$317),"") | RE2: =IFERROR(AVERAGEIF('Данные 2st'!$Q$2:$Q$317,$A2,'Данные 2st'!$MX$2:$MX$317),"") | RF2: =IFERROR(AVERAGEIF('Данные 2st'!$Q$2:$Q$317,$A2,'Данные 2st'!$MY$2:$MY$317),"") | RG2: =IFERROR(AVERAGEIF('Данные 2st'!$Q$2:$Q$317,$A2,'Данные 2st'!$MZ$2:$MZ$317),"") | RH2: =IFERROR(AVERAGEIF('Данные 2st'!$Q$2:$Q$317,$A2,'Данные 2st'!$NA$2:$NA$317),"") | RI2: =IFERROR(AVERAGEIF('Данные 2st'!$Q$2:$Q$317,$A2,'Данные 2st'!$NB$2:$NB$317),"") | RJ2: =IFERROR(AVERAGEIF('Данные 2st'!$Q$2:$Q$317,$A2,'Данные 2st'!$NC$2:$NC$317),"") | RK2: =IFERROR(AVERAGEIF('Данные 2st'!$Q$2:$Q$317,$A2,'Данные 2st'!$ND$2:$ND$317),"") | RL2: =IFERROR(AVERAGEIF('Данные 2st'!$Q$2:$Q$317,$A2,'Данные 2st'!$NE$2:$NE$317),"") | RM2: =IFERROR(AVERAGEIF('Данные 2st'!$Q$2:$Q$317,$A2,'Данные 2st'!$NF$2:$NF$317),"") | RN2: =IFERROR(AVERAGEIF('Данные 2st'!$Q$2:$Q$317,$A2,'Данные 2st'!$NG$2:$NG$317),"") | RO2: =IFERROR(AVERAGEIF('Данные 2st'!$Q$2:$Q$317,$A2,'Данные 2st'!$NH$2:$NH$317),"") | RP2: =IFERROR(AVERAGEIF('Данные 2st'!$Q$2:$Q$317,$A2,'Данные 2st'!$NJ$2:$NJ$317),"") | RQ2: =IFERROR(AVERAGEIF('Данные 2st'!$Q$2:$Q$317,$A2,'Данные 2st'!$NK$2:$NK$317),"") | RR2: =IFERROR(AVERAGEIF('Данные 2st'!$Q$2:$Q$317,$A2,'Данные 2st'!$NM$2:$NM$317),"") | RS2: =IFERROR(AVERAGEIF('Данные 2st'!$Q$2:$Q$317,$A2,'Данные 2st'!$NN$2:$NN$317),"") | RT2: =IFERROR(AVERAGEIF('Данные 2st'!$Q$2:$Q$317,$A2,'Данные 2st'!$NO$2:$NO$317),"") | RU2: =IFERROR(AVERAGEIF('Данные 2st'!$Q$2:$Q$317,$A2,'Данные 2st'!$NP$2:$NP$317),"") | RV2: =IFERROR(AVERAGEIF('Данные 2st'!$Q$2:$Q$317,$A2,'Данные 2st'!$NQ$2:$NQ$317),"") | RW2: =IFERROR(AVERAGEIF('Данные 2st'!$Q$2:$Q$317,$A2,'Данные 2st'!$NR$2:$NR$317),"") | RX2: =IFERROR(AVERAGEIF('Данные 2st'!$Q$2:$Q$317,$A2,'Данные 2st'!$NS$2:$NS$317),"") | RY2: =IFERROR(AVERAGEIF('Данные 2st'!$Q$2:$Q$317,$A2,'Данные 2st'!$NT$2:$NT$317),"") | RZ2: =IFERROR(AVERAGEIF('Данные 2st'!$Q$2:$Q$317,$A2,'Данные 2st'!$OK$2:$OK$317),"") -> 61 | SA2: =IFERROR(AVERAGEIF('Данные 2st'!$Q$2:$Q$317,$A2,'Данные 2st'!$OL$2:$OL$317),"") -> 61 | SB2: =IFERROR(AVERAGEIF('Данные 2st'!$Q$2:$Q$317,$A2,'Данные 2st'!$ON$2:$ON$317),"") -> 3 | SC2: =IFERROR(AVERAGEIF('Данные 2st'!$Q$2:$Q$317,$A2,'Данные 2st'!$OO$2:$OO$317),"") -> 1709.25 | SD2: =IFERROR(AVERAGEIF('Данные 2st'!$Q$2:$Q$317,$A2,'Данные 2st'!$OP$2:$OP$317),"") -> 61 | SE2: =IFERROR(AVERAGEIF('Данные 2st'!$Q$2:$Q$317,$A2,'Данные 2st'!$OQ$2:$OQ$317),"") -> 61 | SF2: =IFERROR(AVERAGEIF('Данные 2st'!$Q$2:$Q$317,$A2,'Данные 2st'!$OS$2:$OS$317),"") -> 3 | SG2: =IFERROR(AVERAGEIF('Данные 2st'!$Q$2:$Q$317,$A2,'Данные 2st'!$OT$2:$OT$317),"") -> 1716.25 | SH2: =IFERROR(AVERAGEIF('Данные 2st'!$Q$2:$Q$317,$A2,'Данные 2st'!$OU$2:$OU$317),"") -> 65 | SI2: =IFERROR(AVERAGEIF('Данные 2st'!$Q$2:$Q$317,$A2,'Данные 2st'!$OV$2:$OV$317),"") -> 65 | SJ2: =IFERROR(AVERAGEIF('Данные 2st'!$Q$2:$Q$317,$A2,'Данные 2st'!$OX$2:$OX$317),"") -> 1.25 | SK2: =IFERROR(AVERAGEIF('Данные 2st'!$Q$2:$Q$317,$A2,'Данные 2st'!$OY$2:$OY$317),"") -> 24889.25 | SL2: =IFERROR(AVERAGEIF('Данные 2st'!$Q$2:$Q$317,$A2,'Данные 2st'!$OZ$2:$OZ$317),"") -> 51 | SM2: =IFERROR(AVERAGEIF('Данные 2st'!$Q$2:$Q$317,$A2,'Данные 2st'!$PA$2:$PA$317),"") -> 51.5 | SN2: =IFERROR(AVERAGEIF('Данные 2st'!$Q$2:$Q$317,$A2,'Данные 2st'!$PC$2:$PC$317),"") -> 3.5 | SO2: =IFERROR(AVERAGEIF('Данные 2st'!$Q$2:$Q$317,$A2,'Данные 2st'!$PD$2:$PD$317),"") -> 1747.75 | SP2: =IFERROR(AVERAGEIF('Данные 2st'!$Q$2:$Q$317,$A2,'Данные 2st'!$PF$2:$PF$317),"") -> 260.5 | SQ2: =IFERROR(AVERAGEIF('Данные 2st'!$Q$2:$Q$317,$A2,'Данные 2st'!$PG$2:$PG$317),"") -> 29 | SR2: =IFERROR(AVERAGEIF('Данные 2st'!$Q$2:$Q$317,$A2,'Данные 2st'!$PH$2:$PH$317),"") -> 242.5 | SS2: =IFERROR(AVERAGEIF('Данные 2st'!$Q$2:$Q$317,$A2,'Данные 2st'!$PI$2:$PI$317),"") -> 29 | ST2: =IFERROR(AVERAGEIF('Данные 2st'!$Q$2:$Q$317,$A2,'Данные 2st'!$PJ$2:$PJ$317),"") -> 68.4 | SU2: =IFERROR(AVERAGEIF('Данные 2st'!$Q$2:$Q$317,$A2,'Данные 2st'!$PK$2:$PK$317),"") -> 1435.3333 | SV2: =IFERROR(AVERAGEIF('Данные 2st'!$Q$2:$Q$317,$A2,'Данные 2st'!$PL$2:$PL$317),"") -> 919.95 | SW2: =IFERROR(AVERAGEIF('Данные 2st'!$Q$2:$Q$317,$A2,'Данные 2st'!$PM$2:$PM$317),"") -> 458.675 | SX2: =IFERROR(AVERAGEIF('Данные 2st'!$Q$2:$Q$317,$A2,'Данные 2st'!$PN$2:$PN$317),"") -> 74.275 | SY2: =IFERROR(AVERAGEIF('Данные 2st'!$Q$2:$Q$317,$A2,'Данные 2st'!$PO$2:$PO$317),"") -> 9.2333333 | SZ2: =IFERROR(AVERAGEIF('Данные 2st'!$Q$2:$Q$317,$A2,'Данные 2st'!$PP$2:$PP$317),"") -> 10.5 | TA2: =IFERROR(AVERAGEIF('Данные 2st'!$Q$2:$Q$317,$A2,'Данные 2st'!$PQ$2:$PQ$317),"") -> 8 | TB2: =IFERROR(AVERAGEIF('Данные 2st'!$Q$2:$Q$317,$A2,'Данные 2st'!$PR$2:$PR$317),"") -> 8 | TC2: =IFERROR(AVERAGEIF('Данные 2st'!$Q$2:$Q$317,$A2,'Данные 2st'!$PS$2:$PS$317),"") -> 6 | TD2: =IFERROR(AVERAGEIF('Данные 2st'!$Q$2:$Q$317,$A2,'Данные 2st'!$PT$2:$PT$317),"") -> 179 | TE2: =IFERROR(AVERAGEIF('Данные 2st'!$Q$2:$Q$317,$A2,'Данные 2st'!$PU$2:$PU$317),"") -> 8 | TF2: =IFERROR(AVERAGEIF('Данные 2st'!$Q$2:$Q$317,$A2,'Данные 2st'!$PX$2:$PX$317),"") -> 0 | TG2: =IFERROR(AVERAGEIF('Данные 2st'!$Q$2:$Q$317,$A2,'Данные 2st'!$PY$2:$PY$317),"") -> 0 | TH2: =IFERROR(AVERAGEIF('Данные 2st'!$Q$2:$Q$317,$A2,'Данные 2st'!$PZ$2:$PZ$317),"") -> 0 | TI2: =IFERROR(AVERAGEIF('Данные 2st'!$Q$2:$Q$317,$A2,'Данные 2st'!$QA$2:$QA$317),"") -> 0 | TJ2: =IFERROR(AVERAGEIF('Данные 2st'!$Q$2:$Q$317,$A2,'Данные 2st'!$QB$2:$QB$317),"") -> 0 | TK2: =IFERROR(AVERAGEIF('Данные 2st'!$Q$2:$Q$317,$A2,'Данные 2st'!$QC$2:$QC$317),"") -> 0 | TL2: =IFERROR(AVERAGEIF('Данные 2st'!$Q$2:$Q$317,$A2,'Данные 2st'!$QD$2:$QD$317),"") -> 0 | TM2: =IFERROR(AVERAGEIF('Данные 2st'!$Q$2:$Q$317,$A2,'Данные 2st'!$QE$2:$QE$317),"") -> -1 | TN2: =IFERROR(AVERAGEIF('Данные 2st'!$Q$2:$Q$317,$A2,'Данные 2st'!$QF$2:$QF$317),"") -> 1 | TO2: =IFERROR(AVERAGEIF('Данные 2st'!$Q$2:$Q$317,$A2,'Данные 2st'!$QG$2:$QG$317),"") -> 0 | TP2: =IFERROR(AVERAGEIF('Данные 2st'!$Q$2:$Q$317,$A2,'Данные 2st'!$QH$2:$QH$317),"") -> 5 | TQ2: =IFERROR(AVERAGEIF('Данные 2st'!$Q$2:$Q$317,$A2,'Данные 2st'!$QI$2:$QI$317),"") -> 5 | TR2: =IFERROR(AVERAGEIF('Данные 2st'!$Q$2:$Q$317,$A2,'Данные 2st'!$QJ$2:$QJ$317),"") -> 5 | TS2: =IFERROR(AVERAGEIF('Данные 2st'!$Q$2:$Q$317,$A2,'Данные 2st'!$QK$2:$QK$317),"") -> 153.25 | TT2: =IFERROR(AVERAGEIF('Данные 2st'!$Q$2:$Q$317,$A2,'Данные 2st'!$QL$2:$QL$317),"") -> 351.5 | TU2: =IFERROR(AVERAGEIF('Данные 2st'!$Q$2:$Q$317,$A2,'Данные 2st'!$QM$2:$QM$317),"") -> 7.5 | TV2: =IFERROR(AVERAGEIF('Данные 2st'!$Q$2:$Q$317,$A2,'Данные 2st'!$QN$2:$QN$317),"") -> 1123.4 | TW2: =IFERROR(AVERAGEIF('Данные 2st'!$Q$2:$Q$317,$A2,'Данные 2st'!$QQ$2:$QQ$317),"") -> 0 | TX2: =IFERROR(AVERAGEIF('Данные 2st'!$Q$2:$Q$317,$A2,'Данные 2st'!$QS$2:$QS$317),"") -> 30 | TY2: =IFERROR(AVERAGEIF('Данные 2st'!$Q$2:$Q$317,$A2,'Данные 2st'!$QT$2:$QT$317),"") -> 40
A3: 175/70R14 | B3: =COUNTIF('Данные 1st'!$S$2:$S$317,$A3) -> 1 | C3: SM7000 | D3: K1-S | E3: PXR | F3: ICA4 | G3: =IFERROR(AVERAGEIF('Данные 1st'!$S$2:$S$317,$A3,'Данные 1st'!$AE$2:$AE$317),"") -> 187 | H3: =IFERROR(AVERAGEIF('Данные 1st'!$S$2:$S$317,$A3,'Данные 1st'!$AF$2:$AF$317),"") -> 1.5 | I3: =IFERROR(AVERAGEIF('Данные 1st'!$S$2:$S$317,$A3,'Данные 1st'!$AJ$2:$AJ$317),"") -> 165 | J3: =IFERROR(AVERAGEIF('Данные 1st'!$S$2:$S$317,$A3,'Данные 1st'!$AL$2:$AL$317),"") -> 1.5 | K3: =IFERROR(AVERAGEIF('Данные 1st'!$S$2:$S$317,$A3,'Данные 1st'!$AR$2:$AR$317),"") -> 205 | L3: =IFERROR(AVERAGEIF('Данные 1st'!$S$2:$S$317,$A3,'Данные 1st'!$AS$2:$AS$317),"") -> 1.5 | M3: =IFERROR(AVERAGEIF('Данные 1st'!$S$2:$S$317,$A3,'Данные 1st'!$AY$2:$AY$317),"") -> 255 | N3: =IFERROR(AVERAGEIF('Данные 1st'!$S$2:$S$317,$A3,'Данные 1st'!$AZ$2:$AZ$317),"") -> 1.5 | O3: =IFERROR(AVERAGEIF('Данные 1st'!$S$2:$S$317,$A3,'Данные 1st'!$BF$2:$BF$317),"") | P3: =IFERROR(AVERAGEIF('Данные 1st'!$S$2:$S$317,$A3,'Данные 1st'!$BG$2:$BG$317),"") -> 1.5 | Q3: =IFERROR(AVERAGEIF('Данные 1st'!$S$2:$S$317,$A3,'Данные 1st'!$BM$2:$BM$317),"") | R3: =IFERROR(AVERAGEIF('Данные 1st'!$S$2:$S$317,$A3,'Данные 1st'!$BN$2:$BN$317),"") -> 1.5 | S3: =IFERROR(AVERAGEIF('Данные 1st'!$S$2:$S$317,$A3,'Данные 1st'!$BT$2:$BT$317),"") -> 184 | T3: =IFERROR(AVERAGEIF('Данные 1st'!$S$2:$S$317,$A3,'Данные 1st'!$BU$2:$BU$317),"") -> 0.5 | U3: =IFERROR(AVERAGEIF('Данные 1st'!$S$2:$S$317,$A3,'Данные 1st'!$BW$2:$BW$317),"") -> 368 | V3: =IFERROR(AVERAGEIF('Данные 1st'!$S$2:$S$317,$A3,'Данные 1st'!$BX$2:$BX$317),"") -> 1 | W3: =IFERROR(AVERAGEIF('Данные 1st'!$S$2:$S$317,$A3,'Данные 1st'!$BZ$2:$BZ$317),"") -> 300 | X3: =IFERROR(AVERAGEIF('Данные 1st'!$S$2:$S$317,$A3,'Данные 1st'!$CA$2:$CA$317),"") -> 460 | Y3: =IFERROR(AVERAGEIF('Данные 1st'!$S$2:$S$317,$A3,'Данные 1st'!$CD$2:$CD$317),"") -> 384 | Z3: =IFERROR(AVERAGEIF('Данные 1st'!$S$2:$S$317,$A3,'Данные 1st'!$CF$2:$CF$317),"") -> 15 | AA3: =IFERROR(AVERAGEIF('Данные 1st'!$S$2:$S$317,$A3,'Данные 1st'!$CI$2:$CI$317),"") -> 80 | AB3: =IFERROR(AVERAGEIF('Данные 1st'!$S$2:$S$317,$A3,'Данные 1st'!$CJ$2:$CJ$317),"") -> 1050 | AC3: =IFERROR(AVERAGEIF('Данные 1st'!$S$2:$S$317,$A3,'Данные 1st'!$CK$2:$CK$317),"") -> 2 | AD3: =IFERROR(AVERAGEIF('Данные 1st'!$S$2:$S$317,$A3,'Данные 1st'!$CL$2:$CL$317),"") -> 1144 | AE3: =IFERROR(AVERAGEIF('Данные 1st'!$S$2:$S$317,$A3,'Данные 1st'!$CM$2:$CM$317),"") -> 2 | AF3: =IFERROR(AVERAGEIF('Данные 1st'!$S$2:$S$317,$A3,'Данные 1st'!$CT$2:$CT$317),"") -> 330 | AG3: =IFERROR(AVERAGEIF('Данные 1st'!$S$2:$S$317,$A3,'Данные 1st'!$CU$2:$CU$317),"") -> 5 | AH3: =IFERROR(AVERAGEIF('Данные 1st'!$S$2:$S$317,$A3,'Данные 1st'!$CV$2:$CV$317),"") -> 1.2 | AI3: =IFERROR(AVERAGEIF('Данные 1st'!$S$2:$S$317,$A3,'Данные 1st'!$CW$2:$CW$317),"") -> 1069 | AJ3: =IFERROR(AVERAGEIF('Данные 1st'!$S$2:$S$317,$A3,'Данные 1st'!$CX$2:$CX$317),"") -> 499 | AK3: =IFERROR(AVERAGEIF('Данные 1st'!$S$2:$S$317,$A3,'Данные 1st'!$CZ$2:$CZ$317),"") -> 50 | AL3: =IFERROR(AVERAGEIF('Данные 1st'!$S$2:$S$317,$A3,'Данные 1st'!$DA$2:$DA$317),"") -> 3 | AM3: =IFERROR(AVERAGEIF('Данные 1st'!$S$2:$S$317,$A3,'Данные 1st'!$DB$2:$DB$317),"") -> 1 | AN3: =IFERROR(AVERAGEIF('Данные 1st'!$S$2:$S$317,$A3,'Данные 1st'!$DC$2:$DC$317),"") -> 1069 | AO3: =IFERROR(AVERAGEIF('Данные 1st'!$S$2:$S$317,$A3,'Данные 1st'!$DD$2:$DD$317),"") -> 56 | AP3: =IFERROR(AVERAGEIF('Данные 1st'!$S$2:$S$317,$A3,'Данные 1st'!$DF$2:$DF$317),"") -> 510 | AQ3: =IFERROR(AVERAGEIF('Данные 1st'!$S$2:$S$317,$A3,'Данные 1st'!$DG$2:$DG$317),"") -> 3 | AR3: =IFERROR(AVERAGEIF('Данные 1st'!$S$2:$S$317,$A3,'Данные 1st'!$DH$2:$DH$317),"") -> 1.18 | AS3: =IFERROR(AVERAGEIF('Данные 1st'!$S$2:$S$317,$A3,'Данные 1st'!$DI$2:$DI$317),"") -> 1062 | AT3: =IFERROR(AVERAGEIF('Данные 1st'!$S$2:$S$317,$A3,'Данные 1st'!$DJ$2:$DJ$317),"") -> 902 | AU3: =IFERROR(AVERAGEIF('Данные 1st'!$S$2:$S$317,$A3,'Данные 1st'!$DL$2:$DL$317),"") | AV3: =IFERROR(AVERAGEIF('Данные 1st'!$S$2:$S$317,$A3,'Данные 1st'!$DM$2:$DM$317),"") | AW3: =IFERROR(AVERAGEIF('Данные 1st'!$S$2:$S$317,$A3,'Данные 1st'!$DN$2:$DN$317),"") | AX3: =IFERROR(AVERAGEIF('Данные 1st'!$S$2:$S$317,$A3,'Данные 1st'!$DO$2:$DO$317),"") | AY3: =IFERROR(AVERAGEIF('Данные 1st'!$S$2:$S$317,$A3,'Данные 1st'!$DP$2:$DP$317),"") | AZ3: =IFERROR(AVERAGEIF('Данные 1st'!$S$2:$S$317,$A3,'Данные 1st'!$DR$2:$DR$317),"") | BA3: =IFERROR(AVERAGEIF('Данные 1st'!$S$2:$S$317,$A3,'Данные 1st'!$DS$2:$DS$317),"") | BB3: =IFERROR(AVERAGEIF('Данные 1st'!$S$2:$S$317,$A3,'Данные 1st'!$DT$2:$DT$317),"") | BC3: =IFERROR(AVERAGEIF('Данные 1st'!$S$2:$S$317,$A3,'Данные 1st'!$DU$2:$DU$317),"") | BD3: =IFERROR(AVERAGEIF('Данные 1st'!$S$2:$S$317,$A3,'Данные 1st'!$DV$2:$DV$317),"") | BE3: =IFERROR(AVERAGEIF('Данные 1st'!$S$2:$S$317,$A3,'Данные 1st'!$DX$2:$DX$317),"") -> 7.5 | BF3: =IFERROR(AVERAGEIF('Данные 1st'!$S$2:$S$317,$A3,'Данные 1st'!$EA$2:$EA$317),"") -> 1123 | BG3: =IFERROR(AVERAGEIF('Данные 1st'!$S$2:$S$317,$A3,'Данные 1st'!$EB$2:$EB$317),"") -> 147 | BH3: =IFERROR(AVERAGEIF('Данные 1st'!$S$2:$S$317,$A3,'Данные 1st'!$ED$2:$ED$317),"") -> 15 | BI3: =IFERROR(AVERAGEIF('Данные 1st'!$S$2:$S$317,$A3,'Данные 1st'!$EE$2:$EE$317),"") | BJ3: =IFERROR(AVERAGEIF('Данные 1st'!$S$2:$S$317,$A3,'Данные 1st'!$EG$2:$EG$317),"") -> 1154 | BK3: =IFERROR(AVERAGEIF('Данные 1st'!$S$2:$S$317,$A3,'Данные 1st'!$EH$2:$EH$317),"") -> 44 | BL3: =IFERROR(AVERAGEIF('Данные 1st'!$S$2:$S$317,$A3,'Данные 1st'!$EJ$2:$EJ$317),"") -> 0 | BM3: =IFERROR(AVERAGEIF('Данные 1st'!$S$2:$S$317,$A3,'Данные 1st'!$EK$2:$EK$317),"") -> 1 | BN3: =IFERROR(AVERAGEIF('Данные 1st'!$S$2:$S$317,$A3,'Данные 1st'!$EN$2:$EN$317),"") -> 0 | BO3: =IFERROR(AVERAGEIF('Данные 1st'!$S$2:$S$317,$A3,'Данные 1st'!$EQ$2:$EQ$317),"") -> 105 | BP3: =IFERROR(AVERAGEIF('Данные 1st'!$S$2:$S$317,$A3,'Данные 1st'!$ER$2:$ER$317),"") -> 3 | BQ3: =IFERROR(AVERAGEIF('Данные 1st'!$S$2:$S$317,$A3,'Данные 1st'!$ES$2:$ES$317),"") -> 5 | BR3: =IFERROR(AVERAGEIF('Данные 1st'!$S$2:$S$317,$A3,'Данные 1st'!$ET$2:$ET$317),"") -> 1045 | BS3: =IFERROR(AVERAGEIF('Данные 1st'!$S$2:$S$317,$A3,'Данные 1st'!$EU$2:$EU$317),"") -> 404 | BT3: =IFERROR(AVERAGEIF('Данные 1st'!$S$2:$S$317,$A3,'Данные 1st'!$EV$2:$EV$317),"") -> 422 | BU3: =IFERROR(AVERAGEIF('Данные 1st'!$S$2:$S$317,$A3,'Данные 1st'!$EX$2:$EX$317),"") -> 45 | BV3: =IFERROR(AVERAGEIF('Данные 1st'!$S$2:$S$317,$A3,'Данные 1st'!$EY$2:$EY$317),"") -> 2 | BW3: =IFERROR(AVERAGEIF('Данные 1st'!$S$2:$S$317,$A3,'Данные 1st'!$EZ$2:$EZ$317),"") -> 5 | BX3: =IFERROR(AVERAGEIF('Данные 1st'!$S$2:$S$317,$A3,'Данные 1st'!$FA$2:$FA$317),"") -> 1045 | BY3: =IFERROR(AVERAGEIF('Данные 1st'!$S$2:$S$317,$A3,'Данные 1st'!$FB$2:$FB$317),"") -> 174.3 | BZ3: =IFERROR(AVERAGEIF('Данные 1st'!$S$2:$S$317,$A3,'Данные 1st'!$FC$2:$FC$317),"") -> 182 | CA3: =IFERROR(AVERAGEIF('Данные 1st'!$S$2:$S$317,$A3,'Данные 1st'!$FE$2:$FE$317),"") -> 0 | CB3: =IFERROR(AVERAGEIF('Данные 1st'!$S$2:$S$317,$A3,'Данные 1st'!$FF$2:$FF$317),"") -> 2 | CC3: =IFERROR(AVERAGEIF('Данные 1st'!$S$2:$S$317,$A3,'Данные 1st'!$FI$2:$FI$317),"") -> 0 | CD3: =IFERROR(AVERAGEIF('Данные 1st'!$S$2:$S$317,$A3,'Данные 1st'!$FL$2:$FL$317),"") -> 0.4 | CE3: =IFERROR(AVERAGEIF('Данные 1st'!$S$2:$S$317,$A3,'Данные 1st'!$FM$2:$FM$317),"") -> 50 | CF3: =IFERROR(AVERAGEIF('Данные 1st'!$S$2:$S$317,$A3,'Данные 1st'!$FN$2:$FN$317),"") -> 290 | CG3: =IFERROR(AVERAGEIF('Данные 1st'!$S$2:$S$317,$A3,'Данные 1st'!$FO$2:$FO$317),"") -> 80 | CH3: =IFERROR(AVERAGEIF('Данные 1st'!$S$2:$S$317,$A3,'Данные 1st'!$FP$2:$FP$317),"") -> 90 | CI3: =IFERROR(AVERAGEIF('Данные 1st'!$S$2:$S$317,$A3,'Данные 1st'!$FS$2:$FS$317),"") -> 0.4 | CJ3: =IFERROR(AVERAGEIF('Данные 1st'!$S$2:$S$317,$A3,'Данные 1st'!$FT$2:$FT$317),"") -> 50 | CK3: =IFERROR(AVERAGEIF('Данные 1st'!$S$2:$S$317,$A3,'Данные 1st'!$FU$2:$FU$317),"") -> 200 | CL3: =IFERROR(AVERAGEIF('Данные 1st'!$S$2:$S$317,$A3,'Данные 1st'!$FV$2:$FV$317),"") | CM3: =IFERROR(AVERAGEIF('Данные 1st'!$S$2:$S$317,$A3,'Данные 1st'!$FW$2:$FW$317),"") | CN3: =IFERROR(AVERAGEIF('Данные 1st'!$S$2:$S$317,$A3,'Данные 1st'!$FZ$2:$FZ$317),"") | CO3: =IFERROR(AVERAGEIF('Данные 1st'!$S$2:$S$317,$A3,'Данные 1st'!$GA$2:$GA$317),"") | CP3: =IFERROR(AVERAGEIF('Данные 1st'!$S$2:$S$317,$A3,'Данные 1st'!$GB$2:$GB$317),"") | CQ3: =IFERROR(AVERAGEIF('Данные 1st'!$S$2:$S$317,$A3,'Данные 1st'!$GH$2:$GH$317),"") | CR3: =IFERROR(AVERAGEIF('Данные 1st'!$S$2:$S$317,$A3,'Данные 1st'!$GI$2:$GI$317),"") | CS3: =IFERROR(AVERAGEIF('Данные 1st'!$S$2:$S$317,$A3,'Данные 1st'!$GJ$2:$GJ$317),"") | CT3: =IFERROR(AVERAGEIF('Данные 1st'!$S$2:$S$317,$A3,'Данные 1st'!$GS$2:$GS$317),"") | CU3: =IFERROR(AVERAGEIF('Данные 1st'!$S$2:$S$317,$A3,'Данные 1st'!$GT$2:$GT$317),"") | CV3: =IFERROR(AVERAGEIF('Данные 1st'!$S$2:$S$317,$A3,'Данные 1st'!$GU$2:$GU$317),"") | CW3: =IFERROR(AVERAGEIF('Данные 1st'!$S$2:$S$317,$A3,'Данные 1st'!$GV$2:$GV$317),"") | CX3: =IFERROR(AVERAGEIF('Данные 1st'!$S$2:$S$317,$A3,'Данные 1st'!$GW$2:$GW$317),"") | CY3: =IFERROR(AVERAGEIF('Данные 1st'!$S$2:$S$317,$A3,'Данные 1st'!$GZ$2:$GZ$317),"") | CZ3: =IFERROR(AVERAGEIF('Данные 1st'!$S$2:$S$317,$A3,'Данные 1st'!$HA$2:$HA$317),"") | DA3: =IFERROR(AVERAGEIF('Данные 1st'!$S$2:$S$317,$A3,'Данные 1st'!$HB$2:$HB$317),"") | DB3: =IFERROR(AVERAGEIF('Данные 1st'!$S$2:$S$317,$A3,'Данные 1st'!$HC$2:$HC$317),"") -> 0.1 | DC3: =IFERROR(AVERAGEIF('Данные 1st'!$S$2:$S$317,$A3,'Данные 1st'!$HD$2:$HD$317),"") -> 3 | DD3: =IFERROR(AVERAGEIF('Данные 1st'!$S$2:$S$317,$A3,'Данные 1st'!$HE$2:$HE$317),"") -> 3 | DE3: =IFERROR(AVERAGEIF('Данные 1st'!$S$2:$S$317,$A3,'Данные 1st'!$HF$2:$HF$317),"") -> 3 | DF3: =IFERROR(AVERAGEIF('Данные 1st'!$S$2:$S$317,$A3,'Данные 1st'!$HG$2:$HG$317),"") -> 3 | DG3: =IFERROR(AVERAGEIF('Данные 1st'!$S$2:$S$317,$A3,'Данные 1st'!$HH$2:$HH$317),"") -> 3 | DH3: =IFERROR(AVERAGEIF('Данные 1st'!$S$2:$S$317,$A3,'Данные 1st'!$HI$2:$HI$317),"") -> 135 | DI3: =IFERROR(AVERAGEIF('Данные 1st'!$S$2:$S$317,$A3,'Данные 1st'!$HJ$2:$HJ$317),"") -> 3 | DJ3: =IFERROR(AVERAGEIF('Данные 1st'!$S$2:$S$317,$A3,'Данные 1st'!$HK$2:$HK$317),"") -> 30 | DK3: =IFERROR(AVERAGEIF('Данные 1st'!$S$2:$S$317,$A3,'Данные 1st'!$HL$2:$HL$317),"") -> 2 | DL3: =IFERROR(AVERAGEIF('Данные 1st'!$S$2:$S$317,$A3,'Данные 1st'!$HM$2:$HM$317),"") -> 0 | DM3: =IFERROR(AVERAGEIF('Данные 1st'!$S$2:$S$317,$A3,'Данные 1st'!$HN$2:$HN$317),"") -> 2 | DN3: =IFERROR(AVERAGEIF('Данные 1st'!$S$2:$S$317,$A3,'Данные 1st'!$HO$2:$HO$317),"") -> 90 | DO3: =IFERROR(AVERAGEIF('Данные 1st'!$S$2:$S$317,$A3,'Данные 1st'!$HP$2:$HP$317),"") -> 3 | DP3: =IFERROR(AVERAGEIF('Данные 1st'!$S$2:$S$317,$A3,'Данные 1st'!$HQ$2:$HQ$317),"") -> 0 | DQ3: =IFERROR(AVERAGEIF('Данные 1st'!$S$2:$S$317,$A3,'Данные 1st'!$HR$2:$HR$317),"") -> 2 | DR3: =IFERROR(AVERAGEIF('Данные 1st'!$S$2:$S$317,$A3,'Данные 1st'!$HS$2:$HS$317),"") -> 3103 | DS3: =IFERROR(AVERAGEIF('Данные 1st'!$S$2:$S$317,$A3,'Данные 1st'!$HT$2:$HT$317),"") -> 90 | DT3: =IFERROR(AVERAGEIF('Данные 1st'!$S$2:$S$317,$A3,'Данные 1st'!$HU$2:$HU$317),"") -> 180 | DU3: =IFERROR(AVERAGEIF('Данные 1st'!$S$2:$S$317,$A3,'Данные 1st'!$HW$2:$HW$317),"") -> 0 | DV3: =IFERROR(AVERAGEIF('Данные 1st'!$S$2:$S$317,$A3,'Данные 1st'!$HX$2:$HX$317),"") -> 450 | DW3: =IFERROR(AVERAGEIF('Данные 1st'!$S$2:$S$317,$A3,'Данные 1st'!$HY$2:$HY$317),"") -> 0.18 | DX3: =IFERROR(AVERAGEIF('Данные 1st'!$S$2:$S$317,$A3,'Данные 1st'!$IA$2:$IA$317),"") -> 0.15 | DY3: =IFERROR(AVERAGEIF('Данные 1st'!$S$2:$S$317,$A3,'Данные 1st'!$IB$2:$IB$317),"") -> 0 | DZ3: =IFERROR(AVERAGEIF('Данные 1st'!$S$2:$S$317,$A3,'Данные 1st'!$IC$2:$IC$317),"") -> 180 | EA3: =IFERROR(AVERAGEIF('Данные 1st'!$S$2:$S$317,$A3,'Данные 1st'!$ID$2:$ID$317),"") -> 110 | EB3: =IFERROR(AVERAGEIF('Данные 1st'!$S$2:$S$317,$A3,'Данные 1st'!$IE$2:$IE$317),"") -> 0 | EC3: =IFERROR(AVERAGEIF('Данные 1st'!$S$2:$S$317,$A3,'Данные 1st'!$IF$2:$IF$317),"") -> 0 | ED3: =IFERROR(AVERAGEIF('Данные 1st'!$S$2:$S$317,$A3,'Данные 1st'!$IP$2:$IP$317),"") -> 14 | EE3: =IFERROR(AVERAGEIF('Данные 1st'!$S$2:$S$317,$A3,'Данные 1st'!$IV$2:$IV$317),"") -> 1050 | EF3: =IFERROR(AVERAGEIF('Данные 1st'!$S$2:$S$317,$A3,'Данные 1st'!$IW$2:$IW$317),"") -> 368 | EG3: =IFERROR(AVERAGEIF('Данные 1st'!$S$2:$S$317,$A3,'Данные 1st'!$IX$2:$IX$317),"") | EH3: =IFERROR(AVERAGEIF('Данные 1st'!$S$2:$S$317,$A3,'Данные 1st'!$IY$2:$IY$317),"") | EI3: =IFERROR(AVERAGEIF('Данные 1st'!$S$2:$S$317,$A3,'Данные 1st'!$JD$2:$JD$317),"") -> 1069 | EJ3: =IFERROR(AVERAGEIF('Данные 1st'!$S$2:$S$317,$A3,'Данные 1st'!$JE$2:$JE$317),"") -> 1062 | EK3: =IFERROR(AVERAGEIF('Данные 1st'!$S$2:$S$317,$A3,'Данные 1st'!$JF$2:$JF$317),"") -> 0 | EL3: =IFERROR(AVERAGEIF('Данные 1st'!$S$2:$S$317,$A3,'Данные 1st'!$JG$2:$JG$317),"") -> 1045 | EM3: =IFERROR(AVERAGEIF('Данные 1st'!$S$2:$S$317,$A3,'Данные 1st'!$JH$2:$JH$317),"") -> 0 | EN3: =IFERROR(AVERAGEIF('Данные 1st'!$S$2:$S$317,$A3,'Данные 1st'!$JJ$2:$JJ$317),"") -> 180 | EO3: =IFERROR(AVERAGEIF('Данные 1st'!$S$2:$S$317,$A3,'Данные 1st'!$JK$2:$JK$317),"") -> 450 | EP3: =IFERROR(AVERAGEIF('Данные 1st'!$S$2:$S$317,$A3,'Данные 1st'!$JL$2:$JL$317),"") | EQ3: =IFERROR(AVERAGEIF('Данные 1st'!$S$2:$S$317,$A3,'Данные 1st'!$JM$2:$JM$317),"") | ER3: =IFERROR(AVERAGEIF('Данные 1st'!$S$2:$S$317,$A3,'Данные 1st'!$JN$2:$JN$317),"") -> 330 | ES3: =IFERROR(AVERAGEIF('Данные 1st'!$S$2:$S$317,$A3,'Данные 1st'!$JO$2:$JO$317),"") -> 510 | ET3: =IFERROR(AVERAGEIF('Данные 1st'!$S$2:$S$317,$A3,'Данные 1st'!$JP$2:$JP$317),"") -> 0 | EU3: =IFERROR(AVERAGEIF('Данные 1st'!$S$2:$S$317,$A3,'Данные 1st'!$JQ$2:$JQ$317),"") -> 0 | EV3: =IFERROR(AVERAGEIF('Данные 1st'!$S$2:$S$317,$A3,'Данные 1st'!$JR$2:$JR$317),"") -> 374 | EW3: =IFERROR(AVERAGEIF('Данные 1st'!$S$2:$S$317,$A3,'Данные 1st'!$JS$2:$JS$317),"") -> 135 | EX3: =IFERROR(AVERAGEIF('Данные 1st'!$S$2:$S$317,$A3,'Данные 1st'!$JT$2:$JT$317),"") | EY3: =IFERROR(AVERAGEIF('Данные 1st'!$S$2:$S$317,$A3,'Данные 1st'!$JU$2:$JU$317),"") | EZ3: =IFERROR(AVERAGEIF('Данные 1st'!$S$2:$S$317,$A3,'Данные 1st'!$JV$2:$JV$317),"") -> 8 | FA3: =IFERROR(AVERAGEIF('Данные 1st'!$S$2:$S$317,$A3,'Данные 1st'!$JW$2:$JW$317),"") | FB3: =IFERROR(AVERAGEIF('Данные 1st'!$S$2:$S$317,$A3,'Данные 1st'!$JX$2:$JX$317),"") -> 410 | FC3: =IFERROR(AVERAGEIF('Данные 1st'!$S$2:$S$317,$A3,'Данные 1st'!$JY$2:$JY$317),"") | FD3: =IFERROR(AVERAGEIF('Данные 1st'!$S$2:$S$317,$A3,'Данные 1st'!$JZ$2:$JZ$317),"") | FE3: =IFERROR(AVERAGEIF('Данные 1st'!$S$2:$S$317,$A3,'Данные 1st'!$KA$2:$KA$317),"") -> 0 | FF3: =IFERROR(AVERAGEIF('Данные 1st'!$S$2:$S$317,$A3,'Данные 1st'!$KB$2:$KB$317),"") -> 110 | FG3: =IFERROR(AVERAGEIF('Данные 1st'!$S$2:$S$317,$A3,'Данные 1st'!$KC$2:$KC$317),"") -> 0 | FH3: =IFERROR(AVERAGEIF('Данные 1st'!$S$2:$S$317,$A3,'Данные 1st'!$KD$2:$KD$317),"") -> 80 | FI3: =IFERROR(AVERAGEIF('Данные 1st'!$S$2:$S$317,$A3,'Данные 1st'!$KE$2:$KE$317),"") | FJ3: =IFERROR(AVERAGEIF('Данные 1st'!$S$2:$S$317,$A3,'Данные 1st'!$KF$2:$KF$317),"") -> 3 | FK3: =IFERROR(AVERAGEIF('Данные 1st'!$S$2:$S$317,$A3,'Данные 1st'!$KG$2:$KG$317),"") -> 2 | FL3: =IFERROR(AVERAGEIF('Данные 1st'!$S$2:$S$317,$A3,'Данные 1st'!$KH$2:$KH$317),"") -> 2 | FM3: =IFERROR(AVERAGEIF('Данные 1st'!$S$2:$S$317,$A3,'Данные 1st'!$KI$2:$KI$317),"") -> 2 | FN3: =IFERROR(AVERAGEIF('Данные 1st'!$S$2:$S$317,$A3,'Данные 1st'!$KJ$2:$KJ$317),"") -> 0 | FO3: =IFERROR(AVERAGEIF('Данные 1st'!$S$2:$S$317,$A3,'Данные 1st'!$KK$2:$KK$317),"") -> 1.5 | FP3: =IFERROR(AVERAGEIF('Данные 1st'!$S$2:$S$317,$A3,'Данные 1st'!$KL$2:$KL$317),"") -> 1.5 | FQ3: =IFERROR(AVERAGEIF('Данные 1st'!$S$2:$S$317,$A3,'Данные 1st'!$KM$2:$KM$317),"") -> 0 | FR3: =IFERROR(AVERAGEIF('Данные 1st'!$S$2:$S$317,$A3,'Данные 1st'!$KN$2:$KN$317),"") -> 0 | FS3: =IFERROR(AVERAGEIF('Данные 1st'!$S$2:$S$317,$A3,'Данные 1st'!$KR$2:$KR$317),"") -> 50 | FT3: =IFERROR(AVERAGEIF('Данные 1st'!$S$2:$S$317,$A3,'Данные 1st'!$KS$2:$KS$317),"") -> 60 | FU3: =IFERROR(AVERAGEIF('Данные 1st'!$S$2:$S$317,$A3,'Данные 1st'!$KT$2:$KT$317),"") -> 0 | FV3: =IFERROR(AVERAGEIF('Данные 1st'!$S$2:$S$317,$A3,'Данные 1st'!$KV$2:$KV$317),"") | FW3: =IFERROR(AVERAGEIF('Данные 1st'!$S$2:$S$317,$A3,'Данные 1st'!$KW$2:$KW$317),"") | FX3: =IFERROR(AVERAGEIF('Данные 1st'!$S$2:$S$317,$A3,'Данные 1st'!$KX$2:$KX$317),"") | FY3: =IFERROR(AVERAGEIF('Данные 1st'!$S$2:$S$317,$A3,'Данные 1st'!$KY$2:$KY$317),"") | FZ3: =IFERROR(AVERAGEIF('Данные 1st'!$S$2:$S$317,$A3,'Данные 1st'!$KZ$2:$KZ$317),"") | GA3: =IFERROR(AVERAGEIF('Данные 1st'!$S$2:$S$317,$A3,'Данные 1st'!$LA$2:$LA$317),"") | GB3: =IFERROR(AVERAGEIF('Данные 1st'!$S$2:$S$317,$A3,'Данные 1st'!$LB$2:$LB$317),"") | GC3: =IFERROR(AVERAGEIF('Данные 1st'!$S$2:$S$317,$A3,'Данные 1st'!$LC$2:$LC$317),"") | GD3: =IFERROR(AVERAGEIF('Данные 1st'!$S$2:$S$317,$A3,'Данные 1st'!$LD$2:$LD$317),"") | GE3: =IFERROR(AVERAGEIF('Данные 1st'!$S$2:$S$317,$A3,'Данные 1st'!$LE$2:$LE$317),"") | GF3: =IFERROR(AVERAGEIF('Данные 1st'!$S$2:$S$317,$A3,'Данные 1st'!$LF$2:$LF$317),"") | GG3: =IFERROR(AVERAGEIF('Данные 1st'!$S$2:$S$317,$A3,'Данные 1st'!$LG$2:$LG$317),"") | GH3: =IFERROR(AVERAGEIF('Данные 1st'!$S$2:$S$317,$A3,'Данные 1st'!$LH$2:$LH$317),"") | GI3: =IFERROR(AVERAGEIF('Данные 1st'!$S$2:$S$317,$A3,'Данные 1st'!$LI$2:$LI$317),"") | GJ3: =IFERROR(AVERAGEIF('Данные 1st'!$S$2:$S$317,$A3,'Данные 1st'!$LJ$2:$LJ$317),"") | GK3: =IFERROR(AVERAGEIF('Данные 1st'!$S$2:$S$317,$A3,'Данные 1st'!$LK$2:$LK$317),"") -> 480 | GL3: =IFERROR(AVERAGEIF('Данные 1st'!$S$2:$S$317,$A3,'Данные 1st'!$LV$2:$LV$317),"") | GM3: =IFERROR(AVERAGEIF('Данные 1st'!$S$2:$S$317,$A3,'Данные 1st'!$LW$2:$LW$317),"") | GN3: =IFERROR(AVERAGEIF('Данные 1st'!$S$2:$S$317,$A3,'Данные 1st'!$LX$2:$LX$317),"") -> 350 | GO3: =IFERROR(AVERAGEIF('Данные 1st'!$S$2:$S$317,$A3,'Данные 1st'!$LY$2:$LY$317),"") -> 2 | GP3: =IFERROR(AVERAGEIF('Данные 1st'!$S$2:$S$317,$A3,'Данные 1st'!$LZ$2:$LZ$317),"") | GQ3: =IFERROR(AVERAGEIF('Данные 1st'!$S$2:$S$317,$A3,'Данные 1st'!$PG$2:$PG$317),"") -> 1 | GR3: =IFERROR(AVERAGEIF('Данные 1st'!$S$2:$S$317,$A3,'Данные 1st'!$PX$2:$PX$317),"") -> 56 | GS3: =IFERROR(AVERAGEIF('Данные 1st'!$S$2:$S$317,$A3,'Данные 1st'!$PY$2:$PY$317),"") -> 57 | GT3: =IFERROR(AVERAGEIF('Данные 1st'!$S$2:$S$317,$A3,'Данные 1st'!$QA$2:$QA$317),"") -> 1 | GU3: =IFERROR(AVERAGEIF('Данные 1st'!$S$2:$S$317,$A3,'Данные 1st'!$QB$2:$QB$317),"") -> 1045 | GV3: =IFERROR(AVERAGEIF('Данные 1st'!$S$2:$S$317,$A3,'Данные 1st'!$QC$2:$QC$317),"") -> 69 | GW3: =IFERROR(AVERAGEIF('Данные 1st'!$S$2:$S$317,$A3,'Данные 1st'!$QD$2:$QD$317),"") -> 69 | GX3: =IFERROR(AVERAGEIF('Данные 1st'!$S$2:$S$317,$A3,'Данные 1st'!$QF$2:$QF$317),"") -> 1 | GY3: =IFERROR(AVERAGEIF('Данные 1st'!$S$2:$S$317,$A3,'Данные 1st'!$QG$2:$QG$317),"") -> 1069 | GZ3: =IFERROR(AVERAGEIF('Данные 1st'!$S$2:$S$317,$A3,'Данные 1st'!$QH$2:$QH$317),"") -> 66 | HA3: =IFERROR(AVERAGEIF('Данные 1st'!$S$2:$S$317,$A3,'Данные 1st'!$QI$2:$QI$317),"") -> 66 | HB3: =IFERROR(AVERAGEIF('Данные 1st'!$S$2:$S$317,$A3,'Данные 1st'!$QK$2:$QK$317),"") -> 1 | HC3: =IFERROR(AVERAGEIF('Данные 1st'!$S$2:$S$317,$A3,'Данные 1st'!$QL$2:$QL$317),"") -> 1069 | HD3: =IFERROR(AVERAGEIF('Данные 1st'!$S$2:$S$317,$A3,'Данные 1st'!$QM$2:$QM$317),"") -> 62 | HE3: =IFERROR(AVERAGEIF('Данные 1st'!$S$2:$S$317,$A3,'Данные 1st'!$QN$2:$QN$317),"") -> 62 | HF3: =IFERROR(AVERAGEIF('Данные 1st'!$S$2:$S$317,$A3,'Данные 1st'!$QP$2:$QP$317),"") -> 1 | HG3: =IFERROR(AVERAGEIF('Данные 1st'!$S$2:$S$317,$A3,'Данные 1st'!$QQ$2:$QQ$317),"") -> 1062 | HH3: =IFERROR(AVERAGEIF('Данные 1st'!$S$2:$S$317,$A3,'Данные 1st'!$QR$2:$QR$317),"") | HI3: =IFERROR(AVERAGEIF('Данные 1st'!$S$2:$S$317,$A3,'Данные 1st'!$QS$2:$QS$317),"") | HJ3: =IFERROR(AVERAGEIF('Данные 1st'!$S$2:$S$317,$A3,'Данные 1st'!$QU$2:$QU$317),"") | HK3: =IFERROR(AVERAGEIF('Данные 1st'!$S$2:$S$317,$A3,'Данные 1st'!$QV$2:$QV$317),"") | HL3: =IFERROR(AVERAGEIF('Данные 1st'!$S$2:$S$317,$A3,'Данные 1st'!$QW$2:$QW$317),"") -> 82 | HM3: =IFERROR(AVERAGEIF('Данные 1st'!$S$2:$S$317,$A3,'Данные 1st'!$QX$2:$QX$317),"") -> 89 | HN3: =IFERROR(AVERAGEIF('Данные 1st'!$S$2:$S$317,$A3,'Данные 1st'!$QZ$2:$QZ$317),"") -> 3 | HO3: =IFERROR(AVERAGEIF('Данные 1st'!$S$2:$S$317,$A3,'Данные 1st'!$RA$2:$RA$317),"") -> 66 | HP3: =IFERROR(AVERAGEIF('Данные 1st'!$S$2:$S$317,$A3,'Данные 1st'!$RB$2:$RB$317),"") -> 66 | HQ3: =IFERROR(AVERAGEIF('Данные 1st'!$S$2:$S$317,$A3,'Данные 1st'!$RD$2:$RD$317),"") | HR3: =IFERROR(AVERAGEIF('Данные 1st'!$S$2:$S$317,$A3,'Данные 1st'!$RE$2:$RE$317),"") -> 0 | HS3: =IFERROR(AVERAGEIF('Данные 1st'!$S$2:$S$317,$A3,'Данные 1st'!$RF$2:$RF$317),"") -> 1 | HT3: =IFERROR(AVERAGEIF('Данные 1st'!$S$2:$S$317,$A3,'Данные 1st'!$RG$2:$RG$317),"") | HU3: =IFERROR(AVERAGEIF('Данные 1st'!$S$2:$S$317,$A3,'Данные 1st'!$RH$2:$RH$317),"") | HV3: =IFERROR(AVERAGEIF('Данные 1st'!$S$2:$S$317,$A3,'Данные 1st'!$RI$2:$RI$317),"") | HW3: =IFERROR(AVERAGEIF('Данные 1st'!$S$2:$S$317,$A3,'Данные 1st'!$RJ$2:$RJ$317),"") -> 3 | HX3: =IFERROR(AVERAGEIF('Данные 1st'!$S$2:$S$317,$A3,'Данные 1st'!$RK$2:$RK$317),"") -> 2 | HY3: =IFERROR(AVERAGEIF('Данные 1st'!$S$2:$S$317,$A3,'Данные 1st'!$RL$2:$RL$317),"") -> 1 | HZ3: =IFERROR(AVERAGEIF('Данные 1st'!$S$2:$S$317,$A3,'Данные 1st'!$RM$2:$RM$317),"") | IA3: =IFERROR(AVERAGEIF('Данные 1st'!$S$2:$S$317,$A3,'Данные 1st'!$RN$2:$RN$317),"") | IB3: =IFERROR(AVERAGEIF('Данные 1st'!$S$2:$S$317,$A3,'Данные 1st'!$RO$2:$RO$317),"") -> 467 | IC3: =IFERROR(AVERAGEIF('Данные 1st'!$S$2:$S$317,$A3,'Данные 1st'!$RP$2:$RP$317),"") -> 105 | ID3: =IFERROR(AVERAGEIF('Данные 1st'!$S$2:$S$317,$A3,'Данные 1st'!$RQ$2:$RQ$317),"") -> 849 | IE3: =IFERROR(AVERAGEIF('Данные 1st'!$S$2:$S$317,$A3,'Данные 1st'!$RR$2:$RR$317),"") | IF3: =IFERROR(AVERAGEIF('Данные 1st'!$S$2:$S$317,$A3,'Данные 1st'!$RS$2:$RS$317),"") | IG3: =IFERROR(AVERAGEIF('Данные 1st'!$S$2:$S$317,$A3,'Данные 1st'!$RT$2:$RT$317),"") -> 147 | IH3: =IFERROR(AVERAGEIF('Данные 1st'!$S$2:$S$317,$A3,'Данные 1st'!$RU$2:$RU$317),"") -> 44 | II3: =IFERROR(AVERAGEIF('Данные 1st'!$S$2:$S$317,$A3,'Данные 1st'!$RX$2:$RX$317),"") -> 15 | IJ3: =IFERROR(AVERAGEIF('Данные 1st'!$S$2:$S$317,$A3,'Данные 1st'!$RY$2:$RY$317),"") -> 4 | IK3: =IFERROR(AVERAGEIF('Данные 1st'!$S$2:$S$317,$A3,'Данные 1st'!$SA$2:$SA$317),"") -> 15 | IL3: =IFERROR(AVERAGEIF('Данные 1st'!$S$2:$S$317,$A3,'Данные 1st'!$SD$2:$SD$317),"") -> 1 | IM3: =IFERROR(AVERAGEIF('Данные 1st'!$S$2:$S$317,$A3,'Данные 1st'!$SG$2:$SG$317),"") | IN3: =IFERROR(AVERAGEIF('Данные 1st'!$S$2:$S$317,$A3,'Данные 1st'!$SH$2:$SH$317),"") -> 0.995 | IO3: =IFERROR(AVERAGEIF('Данные 1st'!$S$2:$S$317,$A3,'Данные 1st'!$SI$2:$SI$317),"") -> 0.995 | IP3: =IFERROR(AVERAGEIF('Данные 1st'!$S$2:$S$317,$A3,'Данные 1st'!$SJ$2:$SJ$317),"") -> 0.995 | IQ3: =IFERROR(AVERAGEIF('Данные 1st'!$S$2:$S$317,$A3,'Данные 1st'!$SK$2:$SK$317),"") -> 15 | IR3: =IFERROR(AVERAGEIF('Данные 1st'!$S$2:$S$317,$A3,'Данные 1st'!$SL$2:$SL$317),"") -> 0 | IS3: =IFERROR(AVERAGEIF('Данные 1st'!$S$2:$S$317,$A3,'Данные 1st'!$SM$2:$SM$317),"") -> 0 | IT3: =IFERROR(AVERAGEIF('Данные 1st'!$S$2:$S$317,$A3,'Данные 1st'!$SN$2:$SN$317),"") -> 0 | IU3: =IFERROR(AVERAGEIF('Данные 1st'!$S$2:$S$317,$A3,'Данные 1st'!$SO$2:$SO$317),"") -> 0 | IV3: =IFERROR(AVERAGEIF('Данные 1st'!$S$2:$S$317,$A3,'Данные 1st'!$SP$2:$SP$317),"") -> 0 | IW3: =IFERROR(AVERAGEIF('Данные 1st'!$S$2:$S$317,$A3,'Данные 1st'!$SQ$2:$SQ$317),"") -> 0 | IX3: =IFERROR(AVERAGEIF('Данные 1st'!$S$2:$S$317,$A3,'Данные 1st'!$SR$2:$SR$317),"") -> 0 | IY3: =IFERROR(AVERAGEIF('Данные 1st'!$S$2:$S$317,$A3,'Данные 1st'!$SS$2:$SS$317),"") -> 0 | IZ3: =IFERROR(AVERAGEIF('Данные 1st'!$S$2:$S$317,$A3,'Данные 1st'!$ST$2:$ST$317),"") -> 0 | JA3: =IFERROR(AVERAGEIF('Данные 1st'!$S$2:$S$317,$A3,'Данные 1st'!$SU$2:$SU$317),"") -> 0 | JB3: =IFERROR(AVERAGEIF('Данные 1st'!$S$2:$S$317,$A3,'Данные 1st'!$SV$2:$SV$317),"") -> 0 | JC3: =IFERROR(AVERAGEIF('Данные 1st'!$S$2:$S$317,$A3,'Данные 1st'!$SW$2:$SW$317),"") -> 0 | JD3: =IFERROR(AVERAGEIF('Данные 1st'!$S$2:$S$317,$A3,'Данные 1st'!$SX$2:$SX$317),"") -> 0 | JE3: =IFERROR(AVERAGEIF('Данные 1st'!$S$2:$S$317,$A3,'Данные 1st'!$SY$2:$SY$317),"") -> 1 | JF3: =IFERROR(AVERAGEIF('Данные 1st'!$S$2:$S$317,$A3,'Данные 1st'!$SZ$2:$SZ$317),"") | JG3: =IFERROR(AVERAGEIF('Данные 1st'!$S$2:$S$317,$A3,'Данные 1st'!$TA$2:$TA$317),"") | JH3: =IFERROR(AVERAGEIF('Данные 1st'!$S$2:$S$317,$A3,'Данные 1st'!$TB$2:$TB$317),"") -> 0 | JI3: =IFERROR(AVERAGEIF('Данные 1st'!$S$2:$S$317,$A3,'Данные 1st'!$TC$2:$TC$317),"") -> 0 | JJ3: =IFERROR(AVERAGEIF('Данные 1st'!$S$2:$S$317,$A3,'Данные 1st'!$TD$2:$TD$317),"") -> 7.5 | JK3: =IFERROR(AVERAGEIF('Данные 1st'!$S$2:$S$317,$A3,'Данные 1st'!$TN$2:$TN$317),"") -> 0 | JL3: =COUNTIF('Данные 2st'!$Q$2:$Q$317,$A3) -> 1 | JM3: SM7000 | JN3: K1-S | JO3: PXR | JP3: IC04 | JQ3: =IFERROR(AVERAGEIF('Данные 2st'!$Q$2:$Q$317,$A3,'Данные 2st'!$AC$2:$AC$317),"") -> 15 | JR3: =IFERROR(AVERAGEIF('Данные 2st'!$Q$2:$Q$317,$A3,'Данные 2st'!$AF$2:$AF$317),"") -> 3103 | JS3: =IFERROR(AVERAGEIF('Данные 2st'!$Q$2:$Q$317,$A3,'Данные 2st'!$AW$2:$AW$317),"") -> 6.4 | JT3: =IFERROR(AVERAGEIF('Данные 2st'!$Q$2:$Q$317,$A3,'Данные 2st'!$AX$2:$AX$317),"") -> -6 | JU3: =IFERROR(AVERAGEIF('Данные 2st'!$Q$2:$Q$317,$A3,'Данные 2st'!$AY$2:$AY$317),"") -> 76 | JV3: =IFERROR(AVERAGEIF('Данные 2st'!$Q$2:$Q$317,$A3,'Данные 2st'!$AZ$2:$AZ$317),"") -> 67 | JW3: =IFERROR(AVERAGEIF('Данные 2st'!$Q$2:$Q$317,$A3,'Данные 2st'!$BA$2:$BA$317),"") | JX3: =IFERROR(AVERAGEIF('Данные 2st'!$Q$2:$Q$317,$A3,'Данные 2st'!$BB$2:$BB$317),"") | JY3: =IFERROR(AVERAGEIF('Данные 2st'!$Q$2:$Q$317,$A3,'Данные 2st'!$BC$2:$BC$317),"") | JZ3: =IFERROR(AVERAGEIF('Данные 2st'!$Q$2:$Q$317,$A3,'Данные 2st'!$BH$2:$BH$317),"") -> 76 | KA3: =IFERROR(AVERAGEIF('Данные 2st'!$Q$2:$Q$317,$A3,'Данные 2st'!$BI$2:$BI$317),"") -> 9 | KB3: =IFERROR(AVERAGEIF('Данные 2st'!$Q$2:$Q$317,$A3,'Данные 2st'!$BJ$2:$BJ$317),"") -> 67 | KC3: =IFERROR(AVERAGEIF('Данные 2st'!$Q$2:$Q$317,$A3,'Данные 2st'!$BK$2:$BK$317),"") -> 3.5 | KD3: =IFERROR(AVERAGEIF('Данные 2st'!$Q$2:$Q$317,$A3,'Данные 2st'!$BL$2:$BL$317),"") -> 152 | KE3: =IFERROR(AVERAGEIF('Данные 2st'!$Q$2:$Q$317,$A3,'Данные 2st'!$BM$2:$BM$317),"") -> -6 | KF3: =IFERROR(AVERAGEIF('Данные 2st'!$Q$2:$Q$317,$A3,'Данные 2st'!$BN$2:$BN$317),"") -> 0 | KG3: =IFERROR(AVERAGEIF('Данные 2st'!$Q$2:$Q$317,$A3,'Данные 2st'!$BO$2:$BO$317),"") | KH3: =IFERROR(AVERAGEIF('Данные 2st'!$Q$2:$Q$317,$A3,'Данные 2st'!$BP$2:$BP$317),"") -> 0 | KI3: =IFERROR(AVERAGEIF('Данные 2st'!$Q$2:$Q$317,$A3,'Данные 2st'!$BR$2:$BR$317),"") -> 145 | KJ3: =IFERROR(AVERAGEIF('Данные 2st'!$Q$2:$Q$317,$A3,'Данные 2st'!$BS$2:$BS$317),"") -> 135 | KK3: =IFERROR(AVERAGEIF('Данные 2st'!$Q$2:$Q$317,$A3,'Данные 2st'!$BT$2:$BT$317),"") -> 1765 | KL3: =IFERROR(AVERAGEIF('Данные 2st'!$Q$2:$Q$317,$A3,'Данные 2st'!$CV$2:$CV$317),"") -> 99 | KM3: =IFERROR(AVERAGEIF('Данные 2st'!$Q$2:$Q$317,$A3,'Данные 2st'!$CW$2:$CW$317),"") -> 3 | KN3: =IFERROR(AVERAGEIF('Данные 2st'!$Q$2:$Q$317,$A3,'Данные 2st'!$CX$2:$CX$317),"") -> 59 | KO3: =IFERROR(AVERAGEIF('Данные 2st'!$Q$2:$Q$317,$A3,'Данные 2st'!$CY$2:$CY$317),"") -> 5 | KP3: =IFERROR(AVERAGEIF('Данные 2st'!$Q$2:$Q$317,$A3,'Данные 2st'!$CZ$2:$CZ$317),"") -> 115 | KQ3: =IFERROR(AVERAGEIF('Данные 2st'!$Q$2:$Q$317,$A3,'Данные 2st'!$DA$2:$DA$317),"") -> 5 | KR3: =IFERROR(AVERAGEIF('Данные 2st'!$Q$2:$Q$317,$A3,'Данные 2st'!$DB$2:$DB$317),"") -> 7500 | KS3: =IFERROR(AVERAGEIF('Данные 2st'!$Q$2:$Q$317,$A3,'Данные 2st'!$DC$2:$DC$317),"") -> 130 | KT3: =IFERROR(AVERAGEIF('Данные 2st'!$Q$2:$Q$317,$A3,'Данные 2st'!$DD$2:$DD$317),"") -> 273 | KU3: =IFERROR(AVERAGEIF('Данные 2st'!$Q$2:$Q$317,$A3,'Данные 2st'!$DE$2:$DE$317),"") -> 1863 | KV3: =IFERROR(AVERAGEIF('Данные 2st'!$Q$2:$Q$317,$A3,'Данные 2st'!$DF$2:$DF$317),"") -> 1863 | KW3: =IFERROR(AVERAGEIF('Данные 2st'!$Q$2:$Q$317,$A3,'Данные 2st'!$DG$2:$DG$317),"") -> 1875 | KX3: =IFERROR(AVERAGEIF('Данные 2st'!$Q$2:$Q$317,$A3,'Данные 2st'!$DH$2:$DH$317),"") -> 3 | KY3: =IFERROR(AVERAGEIF('Данные 2st'!$Q$2:$Q$317,$A3,'Данные 2st'!$DI$2:$DI$317),"") | KZ3: =IFERROR(AVERAGEIF('Данные 2st'!$Q$2:$Q$317,$A3,'Данные 2st'!$DK$2:$DK$317),"") -> 145 | LA3: =IFERROR(AVERAGEIF('Данные 2st'!$Q$2:$Q$317,$A3,'Данные 2st'!$DM$2:$DM$317),"") -> 67 | LB3: =IFERROR(AVERAGEIF('Данные 2st'!$Q$2:$Q$317,$A3,'Данные 2st'!$DN$2:$DN$317),"") -> 0.84 | LC3: =IFERROR(AVERAGEIF('Данные 2st'!$Q$2:$Q$317,$A3,'Данные 2st'!$DO$2:$DO$317),"") -> 1 | LD3: =IFERROR(AVERAGEIF('Данные 2st'!$Q$2:$Q$317,$A3,'Данные 2st'!$DP$2:$DP$317),"") -> 1768 | LE3: =IFERROR(AVERAGEIF('Данные 2st'!$Q$2:$Q$317,$A3,'Данные 2st'!$DQ$2:$DQ$317),"") -> 469 | LF3: =IFERROR(AVERAGEIF('Данные 2st'!$Q$2:$Q$317,$A3,'Данные 2st'!$DS$2:$DS$317),"") -> 135 | LG3: =IFERROR(AVERAGEIF('Данные 2st'!$Q$2:$Q$317,$A3,'Данные 2st'!$DU$2:$DU$317),"") -> 67 | LH3: =IFERROR(AVERAGEIF('Данные 2st'!$Q$2:$Q$317,$A3,'Данные 2st'!$DV$2:$DV$317),"") -> 0.84 | LI3: =IFERROR(AVERAGEIF('Данные 2st'!$Q$2:$Q$317,$A3,'Данные 2st'!$DW$2:$DW$317),"") -> 1 | LJ3: =IFERROR(AVERAGEIF('Данные 2st'!$Q$2:$Q$317,$A3,'Данные 2st'!$DX$2:$DX$317),"") -> 1775 | LK3: =IFERROR(AVERAGEIF('Данные 2st'!$Q$2:$Q$317,$A3,'Данные 2st'!$DY$2:$DY$317),"") -> 438 | LL3: =IFERROR(AVERAGEIF('Данные 2st'!$Q$2:$Q$317,$A3,'Данные 2st'!$EA$2:$EA$317),"") -> 33 | LM3: =IFERROR(AVERAGEIF('Данные 2st'!$Q$2:$Q$317,$A3,'Данные 2st'!$EC$2:$EC$317),"") -> 0.4 | LN3: =IFERROR(AVERAGEIF('Данные 2st'!$Q$2:$Q$317,$A3,'Данные 2st'!$ED$2:$ED$317),"") -> 1768 | LO3: =IFERROR(AVERAGEIF('Данные 2st'!$Q$2:$Q$317,$A3,'Данные 2st'!$EE$2:$EE$317),"") -> 51 | LP3: =IFERROR(AVERAGEIF('Данные 2st'!$Q$2:$Q$317,$A3,'Данные 2st'!$EG$2:$EG$317),"") -> 33 | LQ3: =IFERROR(AVERAGEIF('Данные 2st'!$Q$2:$Q$317,$A3,'Данные 2st'!$EI$2:$EI$317),"") -> 0.4 | LR3: =IFERROR(AVERAGEIF('Данные 2st'!$Q$2:$Q$317,$A3,'Данные 2st'!$EJ$2:$EJ$317),"") -> 1775 | LS3: =IFERROR(AVERAGEIF('Данные 2st'!$Q$2:$Q$317,$A3,'Данные 2st'!$EK$2:$EK$317),"") -> 51 | LT3: =IFERROR(AVERAGEIF('Данные 2st'!$Q$2:$Q$317,$A3,'Данные 2st'!$EM$2:$EM$317),"") -> 12 | LU3: =IFERROR(AVERAGEIF('Данные 2st'!$Q$2:$Q$317,$A3,'Данные 2st'!$EN$2:$EN$317),"") -> 0.5 | LV3: =IFERROR(AVERAGEIF('Данные 2st'!$Q$2:$Q$317,$A3,'Данные 2st'!$EO$2:$EO$317),"") -> 0.96 | LW3: =IFERROR(AVERAGEIF('Данные 2st'!$Q$2:$Q$317,$A3,'Данные 2st'!$EP$2:$EP$317),"") -> 1775.56 | LX3: =IFERROR(AVERAGEIF('Данные 2st'!$Q$2:$Q$317,$A3,'Данные 2st'!$EQ$2:$EQ$317),"") -> 22749.36 | LY3: =IFERROR(AVERAGEIF('Данные 2st'!$Q$2:$Q$317,$A3,'Данные 2st'!$ER$2:$ER$317),"") -> 2505.36 | LZ3: =IFERROR(AVERAGEIF('Данные 2st'!$Q$2:$Q$317,$A3,'Данные 2st'!$ES$2:$ES$317),"") -> 0 | MA3: =IFERROR(AVERAGEIF('Данные 2st'!$Q$2:$Q$317,$A3,'Данные 2st'!$ET$2:$ET$317),"") -> 0 | MB3: =IFERROR(AVERAGEIF('Данные 2st'!$Q$2:$Q$317,$A3,'Данные 2st'!$EU$2:$EU$317),"") -> 1 | MC3: =IFERROR(AVERAGEIF('Данные 2st'!$Q$2:$Q$317,$A3,'Данные 2st'!$EV$2:$EV$317),"") -> 25255 | MD3: =IFERROR(AVERAGEIF('Данные 2st'!$Q$2:$Q$317,$A3,'Данные 2st'!$EW$2:$EW$317),"") -> 304 | ME3: =IFERROR(AVERAGEIF('Данные 2st'!$Q$2:$Q$317,$A3,'Данные 2st'!$EY$2:$EY$317),"") -> 154 | MF3: =IFERROR(AVERAGEIF('Данные 2st'!$Q$2:$Q$317,$A3,'Данные 2st'!$FA$2:$FA$317),"") -> 4.2 | MG3: =IFERROR(AVERAGEIF('Данные 2st'!$Q$2:$Q$317,$A3,'Данные 2st'!$FB$2:$FB$317),"") -> 1 | MH3: =IFERROR(AVERAGEIF('Данные 2st'!$Q$2:$Q$317,$A3,'Данные 2st'!$FC$2:$FC$317),"") -> 1 | MI3: =IFERROR(AVERAGEIF('Данные 2st'!$Q$2:$Q$317,$A3,'Данные 2st'!$FD$2:$FD$317),"") -> 1810 | MJ3: =IFERROR(AVERAGEIF('Данные 2st'!$Q$2:$Q$317,$A3,'Данные 2st'!$FE$2:$FE$317),"") -> 1326 | MK3: =IFERROR(AVERAGEIF('Данные 2st'!$Q$2:$Q$317,$A3,'Данные 2st'!$FG$2:$FG$317),"") -> 162 | ML3: =IFERROR(AVERAGEIF('Данные 2st'!$Q$2:$Q$317,$A3,'Данные 2st'!$FI$2:$FI$317),"") -> 4.2 | MM3: =IFERROR(AVERAGEIF('Данные 2st'!$Q$2:$Q$317,$A3,'Данные 2st'!$FJ$2:$FJ$317),"") -> 1810 | MN3: =IFERROR(AVERAGEIF('Данные 2st'!$Q$2:$Q$317,$A3,'Данные 2st'!$FK$2:$FK$317),"") -> 1464 | MO3: =IFERROR(AVERAGEIF('Данные 2st'!$Q$2:$Q$317,$A3,'Данные 2st'!$FP$2:$FP$317),"") -> 1810 | MP3: =IFERROR(AVERAGEIF('Данные 2st'!$Q$2:$Q$317,$A3,'Данные 2st'!$FQ$2:$FQ$317),"") -> 153 | MQ3: =IFERROR(AVERAGEIF('Данные 2st'!$Q$2:$Q$317,$A3,'Данные 2st'!$FS$2:$FS$317),"") -> 166 | MR3: =IFERROR(AVERAGEIF('Данные 2st'!$Q$2:$Q$317,$A3,'Данные 2st'!$FU$2:$FU$317),"") -> 0.4 | MS3: =IFERROR(AVERAGEIF('Данные 2st'!$Q$2:$Q$317,$A3,'Данные 2st'!$FV$2:$FV$317),"") -> 1810 | MT3: =IFERROR(AVERAGEIF('Данные 2st'!$Q$2:$Q$317,$A3,'Данные 2st'!$FW$2:$FW$317),"") -> 134 | MU3: =IFERROR(AVERAGEIF('Данные 2st'!$Q$2:$Q$317,$A3,'Данные 2st'!$FY$2:$FY$317),"") | MV3: =IFERROR(AVERAGEIF('Данные 2st'!$Q$2:$Q$317,$A3,'Данные 2st'!$GB$2:$GB$317),"") | MW3: =IFERROR(AVERAGEIF('Данные 2st'!$Q$2:$Q$317,$A3,'Данные 2st'!$GC$2:$GC$317),"") | MX3: =IFERROR(AVERAGEIF('Данные 2st'!$Q$2:$Q$317,$A3,'Данные 2st'!$GD$2:$GD$317),"") -> 3077 | MY3: =IFERROR(AVERAGEIF('Данные 2st'!$Q$2:$Q$317,$A3,'Данные 2st'!$GN$2:$GN$317),"") | MZ3: =IFERROR(AVERAGEIF('Данные 2st'!$Q$2:$Q$317,$A3,'Данные 2st'!$GQ$2:$GQ$317),"") -> 0 | NA3: =IFERROR(AVERAGEIF('Данные 2st'!$Q$2:$Q$317,$A3,'Данные 2st'!$GV$2:$GV$317),"") -> 8.8 | NB3: =IFERROR(AVERAGEIF('Данные 2st'!$Q$2:$Q$317,$A3,'Данные 2st'!$GW$2:$GW$317),"") -> 10.7 | NC3: =IFERROR(AVERAGEIF('Данные 2st'!$Q$2:$Q$317,$A3,'Данные 2st'!$GX$2:$GX$317),"") -> 0.5 | ND3: =IFERROR(AVERAGEIF('Данные 2st'!$Q$2:$Q$317,$A3,'Данные 2st'!$GY$2:$GY$317),"") -> 136 | NE3: =IFERROR(AVERAGEIF('Данные 2st'!$Q$2:$Q$317,$A3,'Данные 2st'!$GZ$2:$GZ$317),"") -> 3 | NF3: =IFERROR(AVERAGEIF('Данные 2st'!$Q$2:$Q$317,$A3,'Данные 2st'!$HA$2:$HA$317),"") -> 178 | NG3: =IFERROR(AVERAGEIF('Данные 2st'!$Q$2:$Q$317,$A3,'Данные 2st'!$HB$2:$HB$317),"") -> 3 | NH3: =IFERROR(AVERAGEIF('Данные 2st'!$Q$2:$Q$317,$A3,'Данные 2st'!$HC$2:$HC$317),"") -> 1810 | NI3: =IFERROR(AVERAGEIF('Данные 2st'!$Q$2:$Q$317,$A3,'Данные 2st'!$HD$2:$HD$317),"") -> 4 | NJ3: =IFERROR(AVERAGEIF('Данные 2st'!$Q$2:$Q$317,$A3,'Данные 2st'!$HM$2:$HM$317),"") -> 14 | NK3: =IFERROR(AVERAGEIF('Данные 2st'!$Q$2:$Q$317,$A3,'Данные 2st'!$HR$2:$HR$317),"") -> 2 | NL3: =IFERROR(AVERAGEIF('Данные 2st'!$Q$2:$Q$317,$A3,'Данные 2st'!$HS$2:$HS$317),"") -> 1765 | NM3: =IFERROR(AVERAGEIF('Данные 2st'!$Q$2:$Q$317,$A3,'Данные 2st'!$HT$2:$HT$317),"") -> 5 | NN3: =IFERROR(AVERAGEIF('Данные 2st'!$Q$2:$Q$317,$A3,'Данные 2st'!$HY$2:$HY$317),"") -> 0 | NO3: =IFERROR(AVERAGEIF('Данные 2st'!$Q$2:$Q$317,$A3,'Данные 2st'!$HZ$2:$HZ$317),"") -> 67 | NP3: =IFERROR(AVERAGEIF('Данные 2st'!$Q$2:$Q$317,$A3,'Данные 2st'!$IA$2:$IA$317),"") -> 1768 | NQ3: =IFERROR(AVERAGEIF('Данные 2st'!$Q$2:$Q$317,$A3,'Данные 2st'!$IB$2:$IB$317),"") -> 1775 | NR3: =IFERROR(AVERAGEIF('Данные 2st'!$Q$2:$Q$317,$A3,'Данные 2st'!$IC$2:$IC$317),"") | NS3: =IFERROR(AVERAGEIF('Данные 2st'!$Q$2:$Q$317,$A3,'Данные 2st'!$ID$2:$ID$317),"") -> 1810 | NT3: =IFERROR(AVERAGEIF('Данные 2st'!$Q$2:$Q$317,$A3,'Данные 2st'!$IE$2:$IE$317),"") -> 1810 | NU3: =IFERROR(AVERAGEIF('Данные 2st'!$Q$2:$Q$317,$A3,'Данные 2st'!$IF$2:$IF$317),"") -> 145 | NV3: =IFERROR(AVERAGEIF('Данные 2st'!$Q$2:$Q$317,$A3,'Данные 2st'!$IG$2:$IG$317),"") -> 135 | NW3: =IFERROR(AVERAGEIF('Данные 2st'!$Q$2:$Q$317,$A3,'Данные 2st'!$IH$2:$IH$317),"") -> 178 | NX3: =IFERROR(AVERAGEIF('Данные 2st'!$Q$2:$Q$317,$A3,'Данные 2st'!$IJ$2:$IJ$317),"") -> 5 | NY3: =IFERROR(AVERAGEIF('Данные 2st'!$Q$2:$Q$317,$A3,'Данные 2st'!$IM$2:$IM$317),"") -> 0 | NZ3: =IFERROR(AVERAGEIF('Данные 2st'!$Q$2:$Q$317,$A3,'Данные 2st'!$IN$2:$IN$317),"") -> 270 | OA3: =IFERROR(AVERAGEIF('Данные 2st'!$Q$2:$Q$317,$A3,'Данные 2st'!$IO$2:$IO$317),"") -> 0 | OB3: =IFERROR(AVERAGEIF('Данные 2st'!$Q$2:$Q$317,$A3,'Данные 2st'!$IP$2:$IP$317),"") -> 180 | OC3: =IFERROR(AVERAGEIF('Данные 2st'!$Q$2:$Q$317,$A3,'Данные 2st'!$IQ$2:$IQ$317),"") -> 0 | OD3: =IFERROR(AVERAGEIF('Данные 2st'!$Q$2:$Q$317,$A3,'Данные 2st'!$IR$2:$IR$317),"") -> 330 | OE3: =IFERROR(AVERAGEIF('Данные 2st'!$Q$2:$Q$317,$A3,'Данные 2st'!$IT$2:$IT$317),"") -> 90 | OF3: =IFERROR(AVERAGEIF('Данные 2st'!$Q$2:$Q$317,$A3,'Данные 2st'!$IU$2:$IU$317),"") -> 0 | OG3: =IFERROR(AVERAGEIF('Данные 2st'!$Q$2:$Q$317,$A3,'Данные 2st'!$IV$2:$IV$317),"") -> 6.4 | OH3: =IFERROR(AVERAGEIF('Данные 2st'!$Q$2:$Q$317,$A3,'Данные 2st'!$IW$2:$IW$317),"") -> -6 | OI3: =IFERROR(AVERAGEIF('Данные 2st'!$Q$2:$Q$317,$A3,'Данные 2st'!$IX$2:$IX$317),"") -> 76 | OJ3: =IFERROR(AVERAGEIF('Данные 2st'!$Q$2:$Q$317,$A3,'Данные 2st'!$IY$2:$IY$317),"") -> 67 | OK3: =IFERROR(AVERAGEIF('Данные 2st'!$Q$2:$Q$317,$A3,'Данные 2st'!$IZ$2:$IZ$317),"") -> 0 | OL3: =IFERROR(AVERAGEIF('Данные 2st'!$Q$2:$Q$317,$A3,'Данные 2st'!$JA$2:$JA$317),"") -> 0 | OM3: =IFERROR(AVERAGEIF('Данные 2st'!$Q$2:$Q$317,$A3,'Данные 2st'!$JB$2:$JB$317),"") -> 0 | ON3: =IFERROR(AVERAGEIF('Данные 2st'!$Q$2:$Q$317,$A3,'Данные 2st'!$JC$2:$JC$317),"") -> 0 | OO3: =IFERROR(AVERAGEIF('Данные 2st'!$Q$2:$Q$317,$A3,'Данные 2st'!$JD$2:$JD$317),"") -> 0 | OP3: =IFERROR(AVERAGEIF('Данные 2st'!$Q$2:$Q$317,$A3,'Данные 2st'!$JE$2:$JE$317),"") -> 0 | OQ3: =IFERROR(AVERAGEIF('Данные 2st'!$Q$2:$Q$317,$A3,'Данные 2st'!$JF$2:$JF$317),"") -> 0 | OR3: =IFERROR(AVERAGEIF('Данные 2st'!$Q$2:$Q$317,$A3,'Данные 2st'!$JG$2:$JG$317),"") -> 0 | OS3: =IFERROR(AVERAGEIF('Данные 2st'!$Q$2:$Q$317,$A3,'Данные 2st'!$JH$2:$JH$317),"") -> 0 | OT3: =IFERROR(AVERAGEIF('Данные 2st'!$Q$2:$Q$317,$A3,'Данные 2st'!$JI$2:$JI$317),"") -> 338 | OU3: =IFERROR(AVERAGEIF('Данные 2st'!$Q$2:$Q$317,$A3,'Данные 2st'!$JJ$2:$JJ$317),"") -> 308 | OV3: =IFERROR(AVERAGEIF('Данные 2st'!$Q$2:$Q$317,$A3,'Данные 2st'!$JK$2:$JK$317),"") -> 230 | OW3: =IFERROR(AVERAGEIF('Данные 2st'!$Q$2:$Q$317,$A3,'Данные 2st'!$JL$2:$JL$317),"") -> 302 | OX3: =IFERROR(AVERAGEIF('Данные 2st'!$Q$2:$Q$317,$A3,'Данные 2st'!$JM$2:$JM$317),"") -> 230 | OY3: =IFERROR(AVERAGEIF('Данные 2st'!$Q$2:$Q$317,$A3,'Данные 2st'!$JP$2:$JP$317),"") -> 220 | OZ3: =IFERROR(AVERAGEIF('Данные 2st'!$Q$2:$Q$317,$A3,'Данные 2st'!$JQ$2:$JQ$317),"") -> 280 | PA3: =IFERROR(AVERAGEIF('Данные 2st'!$Q$2:$Q$317,$A3,'Данные 2st'!$JR$2:$JR$317),"") -> 355 | PB3: =IFERROR(AVERAGEIF('Данные 2st'!$Q$2:$Q$317,$A3,'Данные 2st'!$JS$2:$JS$317),"") -> 275 | PC3: =IFERROR(AVERAGEIF('Данные 2st'!$Q$2:$Q$317,$A3,'Данные 2st'!$JT$2:$JT$317),"") -> 0 | PD3: =IFERROR(AVERAGEIF('Данные 2st'!$Q$2:$Q$317,$A3,'Данные 2st'!$JU$2:$JU$317),"") -> 0 | PE3: =IFERROR(AVERAGEIF('Данные 2st'!$Q$2:$Q$317,$A3,'Данные 2st'!$JV$2:$JV$317),"") -> 335 | PF3: =IFERROR(AVERAGEIF('Данные 2st'!$Q$2:$Q$317,$A3,'Данные 2st'!$JW$2:$JW$317),"") -> 337 | PG3: =IFERROR(AVERAGEIF('Данные 2st'!$Q$2:$Q$317,$A3,'Данные 2st'!$KF$2:$KF$317),"") -> 0.2 | PH3: =IFERROR(AVERAGEIF('Данные 2st'!$Q$2:$Q$317,$A3,'Данные 2st'!$KG$2:$KG$317),"") -> 0.1 | PI3: =IFERROR(AVERAGEIF('Данные 2st'!$Q$2:$Q$317,$A3,'Данные 2st'!$KM$2:$KM$317),"") -> 0 | PJ3: =IFERROR(AVERAGEIF('Данные 2st'!$Q$2:$Q$317,$A3,'Данные 2st'!$KN$2:$KN$317),"") -> 1.2 | PK3: =IFERROR(AVERAGEIF('Данные 2st'!$Q$2:$Q$317,$A3,'Данные 2st'!$KO$2:$KO$317),"") -> 1 | PL3: =IFERROR(AVERAGEIF('Данные 2st'!$Q$2:$Q$317,$A3,'Данные 2st'!$KP$2:$KP$317),"") -> 1.2 | PM3: =IFERROR(AVERAGEIF('Данные 2st'!$Q$2:$Q$317,$A3,'Данные 2st'!$KQ$2:$KQ$317),"") -> 0.7 | PN3: =IFERROR(AVERAGEIF('Данные 2st'!$Q$2:$Q$317,$A3,'Данные 2st'!$KR$2:$KR$317),"") -> 1 | PO3: =IFERROR(AVERAGEIF('Данные 2st'!$Q$2:$Q$317,$A3,'Данные 2st'!$KS$2:$KS$317),"") -> 0 | PP3: =IFERROR(AVERAGEIF('Данные 2st'!$Q$2:$Q$317,$A3,'Данные 2st'!$KT$2:$KT$317),"") -> 2.5 | PQ3: =IFERROR(AVERAGEIF('Данные 2st'!$Q$2:$Q$317,$A3,'Данные 2st'!$KU$2:$KU$317),"") -> 0 | PR3: =IFERROR(AVERAGEIF('Данные 2st'!$Q$2:$Q$317,$A3,'Данные 2st'!$KV$2:$KV$317),"") -> 0 | PS3: =IFERROR(AVERAGEIF('Данные 2st'!$Q$2:$Q$317,$A3,'Данные 2st'!$KW$2:$KW$317),"") -> 1.4 | PT3: =IFERROR(AVERAGEIF('Данные 2st'!$Q$2:$Q$317,$A3,'Данные 2st'!$KX$2:$KX$317),"") -> 1 | PU3: =IFERROR(AVERAGEIF('Данные 2st'!$Q$2:$Q$317,$A3,'Данные 2st'!$KY$2:$KY$317),"") -> 0 | PV3: =IFERROR(AVERAGEIF('Данные 2st'!$Q$2:$Q$317,$A3,'Данные 2st'!$KZ$2:$KZ$317),"") -> 3.5 | PW3: =IFERROR(AVERAGEIF('Данные 2st'!$Q$2:$Q$317,$A3,'Данные 2st'!$LA$2:$LA$317),"") -> 2 | PX3: =IFERROR(AVERAGEIF('Данные 2st'!$Q$2:$Q$317,$A3,'Данные 2st'!$LB$2:$LB$317),"") -> 10 | PY3: =IFERROR(AVERAGEIF('Данные 2st'!$Q$2:$Q$317,$A3,'Данные 2st'!$LC$2:$LC$317),"") -> 3.5 | PZ3: =IFERROR(AVERAGEIF('Данные 2st'!$Q$2:$Q$317,$A3,'Данные 2st'!$LD$2:$LD$317),"") -> 3 | QA3: =IFERROR(AVERAGEIF('Данные 2st'!$Q$2:$Q$317,$A3,'Данные 2st'!$LE$2:$LE$317),"") -> 1.8 | QB3: =IFERROR(AVERAGEIF('Данные 2st'!$Q$2:$Q$317,$A3,'Данные 2st'!$LF$2:$LF$317),"") -> 0 | QC3: =IFERROR(AVERAGEIF('Данные 2st'!$Q$2:$Q$317,$A3,'Данные 2st'!$LG$2:$LG$317),"") -> 0 | QD3: =IFERROR(AVERAGEIF('Данные 2st'!$Q$2:$Q$317,$A3,'Данные 2st'!$LH$2:$LH$317),"") -> 3 | QE3: =IFERROR(AVERAGEIF('Данные 2st'!$Q$2:$Q$317,$A3,'Данные 2st'!$LJ$2:$LJ$317),"") -> 0 | QF3: =IFERROR(AVERAGEIF('Данные 2st'!$Q$2:$Q$317,$A3,'Данные 2st'!$LK$2:$LK$317),"") -> 5 | QG3: =IFERROR(AVERAGEIF('Данные 2st'!$Q$2:$Q$317,$A3,'Данные 2st'!$LL$2:$LL$317),"") -> 10 | QH3: =IFERROR(AVERAGEIF('Данные 2st'!$Q$2:$Q$317,$A3,'Данные 2st'!$LM$2:$LM$317),"") -> 11 | QI3: =IFERROR(AVERAGEIF('Данные 2st'!$Q$2:$Q$317,$A3,'Данные 2st'!$LN$2:$LN$317),"") -> 0.1 | QJ3: =IFERROR(AVERAGEIF('Данные 2st'!$Q$2:$Q$317,$A3,'Данные 2st'!$LO$2:$LO$317),"") -> 1 | QK3: =IFERROR(AVERAGEIF('Данные 2st'!$Q$2:$Q$317,$A3,'Данные 2st'!$LP$2:$LP$317),"") -> 0 | QL3: =IFERROR(AVERAGEIF('Данные 2st'!$Q$2:$Q$317,$A3,'Данные 2st'!$LQ$2:$LQ$317),"") -> 0 | QM3: =IFERROR(AVERAGEIF('Данные 2st'!$Q$2:$Q$317,$A3,'Данные 2st'!$LW$2:$LW$317),"") -> 1.4 | QN3: =IFERROR(AVERAGEIF('Данные 2st'!$Q$2:$Q$317,$A3,'Данные 2st'!$LX$2:$LX$317),"") -> 1.4 | QO3: =IFERROR(AVERAGEIF('Данные 2st'!$Q$2:$Q$317,$A3,'Данные 2st'!$LY$2:$LY$317),"") -> 2.1 | QP3: =IFERROR(AVERAGEIF('Данные 2st'!$Q$2:$Q$317,$A3,'Данные 2st'!$LZ$2:$LZ$317),"") -> 2.1 | QQ3: =IFERROR(AVERAGEIF('Данные 2st'!$Q$2:$Q$317,$A3,'Данные 2st'!$MB$2:$MB$317),"") -> 5 | QR3: =IFERROR(AVERAGEIF('Данные 2st'!$Q$2:$Q$317,$A3,'Данные 2st'!$MG$2:$MG$317),"") -> 0 | QS3: =IFERROR(AVERAGEIF('Данные 2st'!$Q$2:$Q$317,$A3,'Данные 2st'!$MH$2:$MH$317),"") -> 0 | QT3: =IFERROR(AVERAGEIF('Данные 2st'!$Q$2:$Q$317,$A3,'Данные 2st'!$MI$2:$MI$317),"") -> 0 | QU3: =IFERROR(AVERAGEIF('Данные 2st'!$Q$2:$Q$317,$A3,'Данные 2st'!$MJ$2:$MJ$317),"") -> 0 | QV3: =IFERROR(AVERAGEIF('Данные 2st'!$Q$2:$Q$317,$A3,'Данные 2st'!$MK$2:$MK$317),"") -> 0 | QW3: =IFERROR(AVERAGEIF('Данные 2st'!$Q$2:$Q$317,$A3,'Данные 2st'!$MM$2:$MM$317),"") -> 326 | QX3: =IFERROR(AVERAGEIF('Данные 2st'!$Q$2:$Q$317,$A3,'Данные 2st'!$MQ$2:$MQ$317),"") | QY3: =IFERROR(AVERAGEIF('Данные 2st'!$Q$2:$Q$317,$A3,'Данные 2st'!$MR$2:$MR$317),"") | QZ3: =IFERROR(AVERAGEIF('Данные 2st'!$Q$2:$Q$317,$A3,'Данные 2st'!$MS$2:$MS$317),"") | RA3: =IFERROR(AVERAGEIF('Данные 2st'!$Q$2:$Q$317,$A3,'Данные 2st'!$MT$2:$MT$317),"") | RB3: =IFERROR(AVERAGEIF('Данные 2st'!$Q$2:$Q$317,$A3,'Данные 2st'!$MU$2:$MU$317),"") | RC3: =IFERROR(AVERAGEIF('Данные 2st'!$Q$2:$Q$317,$A3,'Данные 2st'!$MV$2:$MV$317),"") | RD3: =IFERROR(AVERAGEIF('Данные 2st'!$Q$2:$Q$317,$A3,'Данные 2st'!$MW$2:$MW$317),"") | RE3: =IFERROR(AVERAGEIF('Данные 2st'!$Q$2:$Q$317,$A3,'Данные 2st'!$MX$2:$MX$317),"") | RF3: =IFERROR(AVERAGEIF('Данные 2st'!$Q$2:$Q$317,$A3,'Данные 2st'!$MY$2:$MY$317),"") | RG3: =IFERROR(AVERAGEIF('Данные 2st'!$Q$2:$Q$317,$A3,'Данные 2st'!$MZ$2:$MZ$317),"") | RH3: =IFERROR(AVERAGEIF('Данные 2st'!$Q$2:$Q$317,$A3,'Данные 2st'!$NA$2:$NA$317),"") | RI3: =IFERROR(AVERAGEIF('Данные 2st'!$Q$2:$Q$317,$A3,'Данные 2st'!$NB$2:$NB$317),"") | RJ3: =IFERROR(AVERAGEIF('Данные 2st'!$Q$2:$Q$317,$A3,'Данные 2st'!$NC$2:$NC$317),"") | RK3: =IFERROR(AVERAGEIF('Данные 2st'!$Q$2:$Q$317,$A3,'Данные 2st'!$ND$2:$ND$317),"") | RL3: =IFERROR(AVERAGEIF('Данные 2st'!$Q$2:$Q$317,$A3,'Данные 2st'!$NE$2:$NE$317),"") | RM3: =IFERROR(AVERAGEIF('Данные 2st'!$Q$2:$Q$317,$A3,'Данные 2st'!$NF$2:$NF$317),"") | RN3: =IFERROR(AVERAGEIF('Данные 2st'!$Q$2:$Q$317,$A3,'Данные 2st'!$NG$2:$NG$317),"") | RO3: =IFERROR(AVERAGEIF('Данные 2st'!$Q$2:$Q$317,$A3,'Данные 2st'!$NH$2:$NH$317),"") | RP3: =IFERROR(AVERAGEIF('Данные 2st'!$Q$2:$Q$317,$A3,'Данные 2st'!$NJ$2:$NJ$317),"") | RQ3: =IFERROR(AVERAGEIF('Данные 2st'!$Q$2:$Q$317,$A3,'Данные 2st'!$NK$2:$NK$317),"") | RR3: =IFERROR(AVERAGEIF('Данные 2st'!$Q$2:$Q$317,$A3,'Данные 2st'!$NM$2:$NM$317),"") | RS3: =IFERROR(AVERAGEIF('Данные 2st'!$Q$2:$Q$317,$A3,'Данные 2st'!$NN$2:$NN$317),"") | RT3: =IFERROR(AVERAGEIF('Данные 2st'!$Q$2:$Q$317,$A3,'Данные 2st'!$NO$2:$NO$317),"") | RU3: =IFERROR(AVERAGEIF('Данные 2st'!$Q$2:$Q$317,$A3,'Данные 2st'!$NP$2:$NP$317),"") | RV3: =IFERROR(AVERAGEIF('Данные 2st'!$Q$2:$Q$317,$A3,'Данные 2st'!$NQ$2:$NQ$317),"") | RW3: =IFERROR(AVERAGEIF('Данные 2st'!$Q$2:$Q$317,$A3,'Данные 2st'!$NR$2:$NR$317),"") | RX3: =IFERROR(AVERAGEIF('Данные 2st'!$Q$2:$Q$317,$A3,'Данные 2st'!$NS$2:$NS$317),"") | RY3: =IFERROR(AVERAGEIF('Данные 2st'!$Q$2:$Q$317,$A3,'Данные 2st'!$NT$2:$NT$317),"") | RZ3: =IFERROR(AVERAGEIF('Данные 2st'!$Q$2:$Q$317,$A3,'Данные 2st'!$OK$2:$OK$317),"") -> 61 | SA3: =IFERROR(AVERAGEIF('Данные 2st'!$Q$2:$Q$317,$A3,'Данные 2st'!$OL$2:$OL$317),"") -> 61 | SB3: =IFERROR(AVERAGEIF('Данные 2st'!$Q$2:$Q$317,$A3,'Данные 2st'!$ON$2:$ON$317),"") -> 3 | SC3: =IFERROR(AVERAGEIF('Данные 2st'!$Q$2:$Q$317,$A3,'Данные 2st'!$OO$2:$OO$317),"") -> 1768 | SD3: =IFERROR(AVERAGEIF('Данные 2st'!$Q$2:$Q$317,$A3,'Данные 2st'!$OP$2:$OP$317),"") -> 61 | SE3: =IFERROR(AVERAGEIF('Данные 2st'!$Q$2:$Q$317,$A3,'Данные 2st'!$OQ$2:$OQ$317),"") -> 61 | SF3: =IFERROR(AVERAGEIF('Данные 2st'!$Q$2:$Q$317,$A3,'Данные 2st'!$OS$2:$OS$317),"") -> 3 | SG3: =IFERROR(AVERAGEIF('Данные 2st'!$Q$2:$Q$317,$A3,'Данные 2st'!$OT$2:$OT$317),"") -> 1775 | SH3: =IFERROR(AVERAGEIF('Данные 2st'!$Q$2:$Q$317,$A3,'Данные 2st'!$OU$2:$OU$317),"") -> 65 | SI3: =IFERROR(AVERAGEIF('Данные 2st'!$Q$2:$Q$317,$A3,'Данные 2st'!$OV$2:$OV$317),"") -> 65 | SJ3: =IFERROR(AVERAGEIF('Данные 2st'!$Q$2:$Q$317,$A3,'Данные 2st'!$OX$2:$OX$317),"") -> 1 | SK3: =IFERROR(AVERAGEIF('Данные 2st'!$Q$2:$Q$317,$A3,'Данные 2st'!$OY$2:$OY$317),"") -> 25255 | SL3: =IFERROR(AVERAGEIF('Данные 2st'!$Q$2:$Q$317,$A3,'Данные 2st'!$OZ$2:$OZ$317),"") -> 51 | SM3: =IFERROR(AVERAGEIF('Данные 2st'!$Q$2:$Q$317,$A3,'Данные 2st'!$PA$2:$PA$317),"") -> 51 | SN3: =IFERROR(AVERAGEIF('Данные 2st'!$Q$2:$Q$317,$A3,'Данные 2st'!$PC$2:$PC$317),"") -> 2 | SO3: =IFERROR(AVERAGEIF('Данные 2st'!$Q$2:$Q$317,$A3,'Данные 2st'!$PD$2:$PD$317),"") -> 1810 | SP3: =IFERROR(AVERAGEIF('Данные 2st'!$Q$2:$Q$317,$A3,'Данные 2st'!$PF$2:$PF$317),"") -> 265 | SQ3: =IFERROR(AVERAGEIF('Данные 2st'!$Q$2:$Q$317,$A3,'Данные 2st'!$PG$2:$PG$317),"") -> 29 | SR3: =IFERROR(AVERAGEIF('Данные 2st'!$Q$2:$Q$317,$A3,'Данные 2st'!$PH$2:$PH$317),"") -> 247 | SS3: =IFERROR(AVERAGEIF('Данные 2st'!$Q$2:$Q$317,$A3,'Данные 2st'!$PI$2:$PI$317),"") -> 29 | ST3: =IFERROR(AVERAGEIF('Данные 2st'!$Q$2:$Q$317,$A3,'Данные 2st'!$PJ$2:$PJ$317),"") -> 84.7 | SU3: =IFERROR(AVERAGEIF('Данные 2st'!$Q$2:$Q$317,$A3,'Данные 2st'!$PK$2:$PK$317),"") -> 1708 | SV3: =IFERROR(AVERAGEIF('Данные 2st'!$Q$2:$Q$317,$A3,'Данные 2st'!$PL$2:$PL$317),"") -> 732.8 | SW3: =IFERROR(AVERAGEIF('Данные 2st'!$Q$2:$Q$317,$A3,'Данные 2st'!$PM$2:$PM$317),"") -> 808.9 | SX3: =IFERROR(AVERAGEIF('Данные 2st'!$Q$2:$Q$317,$A3,'Данные 2st'!$PN$2:$PN$317),"") -> 74.2 | SY3: =IFERROR(AVERAGEIF('Данные 2st'!$Q$2:$Q$317,$A3,'Данные 2st'!$PO$2:$PO$317),"") | SZ3: =IFERROR(AVERAGEIF('Данные 2st'!$Q$2:$Q$317,$A3,'Данные 2st'!$PP$2:$PP$317),"") -> 12 | TA3: =IFERROR(AVERAGEIF('Данные 2st'!$Q$2:$Q$317,$A3,'Данные 2st'!$PQ$2:$PQ$317),"") -> 8 | TB3: =IFERROR(AVERAGEIF('Данные 2st'!$Q$2:$Q$317,$A3,'Данные 2st'!$PR$2:$PR$317),"") -> 8 | TC3: =IFERROR(AVERAGEIF('Данные 2st'!$Q$2:$Q$317,$A3,'Данные 2st'!$PS$2:$PS$317),"") -> 6 | TD3: =IFERROR(AVERAGEIF('Данные 2st'!$Q$2:$Q$317,$A3,'Данные 2st'!$PT$2:$PT$317),"") -> 178 | TE3: =IFERROR(AVERAGEIF('Данные 2st'!$Q$2:$Q$317,$A3,'Данные 2st'!$PU$2:$PU$317),"") -> 8 | TF3: =IFERROR(AVERAGEIF('Данные 2st'!$Q$2:$Q$317,$A3,'Данные 2st'!$PX$2:$PX$317),"") -> 0 | TG3: =IFERROR(AVERAGEIF('Данные 2st'!$Q$2:$Q$317,$A3,'Данные 2st'!$PY$2:$PY$317),"") -> 0 | TH3: =IFERROR(AVERAGEIF('Данные 2st'!$Q$2:$Q$317,$A3,'Данные 2st'!$PZ$2:$PZ$317),"") -> 0 | TI3: =IFERROR(AVERAGEIF('Данные 2st'!$Q$2:$Q$317,$A3,'Данные 2st'!$QA$2:$QA$317),"") -> 0 | TJ3: =IFERROR(AVERAGEIF('Данные 2st'!$Q$2:$Q$317,$A3,'Данные 2st'!$QB$2:$QB$317),"") -> 0 | TK3: =IFERROR(AVERAGEIF('Данные 2st'!$Q$2:$Q$317,$A3,'Данные 2st'!$QC$2:$QC$317),"") -> 0 | TL3: =IFERROR(AVERAGEIF('Данные 2st'!$Q$2:$Q$317,$A3,'Данные 2st'!$QD$2:$QD$317),"") -> 0 | TM3: =IFERROR(AVERAGEIF('Данные 2st'!$Q$2:$Q$317,$A3,'Данные 2st'!$QE$2:$QE$317),"") -> -1 | TN3: =IFERROR(AVERAGEIF('Данные 2st'!$Q$2:$Q$317,$A3,'Данные 2st'!$QF$2:$QF$317),"") -> 1 | TO3: =IFERROR(AVERAGEIF('Данные 2st'!$Q$2:$Q$317,$A3,'Данные 2st'!$QG$2:$QG$317),"") -> 0 | TP3: =IFERROR(AVERAGEIF('Данные 2st'!$Q$2:$Q$317,$A3,'Данные 2st'!$QH$2:$QH$317),"") -> 5 | TQ3: =IFERROR(AVERAGEIF('Данные 2st'!$Q$2:$Q$317,$A3,'Данные 2st'!$QI$2:$QI$317),"") -> 5 | TR3: =IFERROR(AVERAGEIF('Данные 2st'!$Q$2:$Q$317,$A3,'Данные 2st'!$QJ$2:$QJ$317),"") -> 5 | TS3: =IFERROR(AVERAGEIF('Данные 2st'!$Q$2:$Q$317,$A3,'Данные 2st'!$QK$2:$QK$317),"") -> 187 | TT3: =IFERROR(AVERAGEIF('Данные 2st'!$Q$2:$Q$317,$A3,'Данные 2st'!$QL$2:$QL$317),"") -> 368 | TU3: =IFERROR(AVERAGEIF('Данные 2st'!$Q$2:$Q$317,$A3,'Данные 2st'!$QM$2:$QM$317),"") -> 7.5 | TV3: =IFERROR(AVERAGEIF('Данные 2st'!$Q$2:$Q$317,$A3,'Данные 2st'!$QN$2:$QN$317),"") -> 1123 | TW3: =IFERROR(AVERAGEIF('Данные 2st'!$Q$2:$Q$317,$A3,'Данные 2st'!$QQ$2:$QQ$317),"") -> 0 | TX3: =IFERROR(AVERAGEIF('Данные 2st'!$Q$2:$Q$317,$A3,'Данные 2st'!$QS$2:$QS$317),"") -> 40 | TY3: =IFERROR(AVERAGEIF('Данные 2st'!$Q$2:$Q$317,$A3,'Данные 2st'!$QT$2:$QT$317),"") -> 50
