Workbook

Sheet Исходные данные
A1: Задание № 3. Выручка предприятия, млн руб.
A3: Период | B3: 1 и 11 | C3: 2 и 9 | D3: 3 и 13 | E3: 4 и 10 | F3: 5 и 16 | G3: 6 и 12 | H3: 7 и 14 | I3: 8 и 15
A4: 1 | B4: 305 | C4: 172 | D4: 248 | E4: 715 | F4: 713 | G4: 270 | H4: 316 | I4: 341
A5: 2 | B5: 450 | C5: 153 | D5: 572 | E5: 610 | F5: 810 | G5: 348 | H5: 728 | I5: 534
A6: 3 | B6: 720 | C6: 168 | D6: 352 | E6: 345 | F6: 201 | G6: 439 | H6: 461 | I6: 495
A7: 4 | B7: 498 | C7: 174 | D7: 145 | E7: 504 | F7: 105 | G7: 140 | H7: 826 | I7: 189
A8: 5 | B8: 307 | C8: 125 | D8: 620 | E8: 312 | F8: 50 | G8: 170 | H8: 514 | I8: 294
A9: 6 | B9: 415 | C9: 147 | D9: 230 | E9: 601 | F9: 340 | G9: 95 | H9: 718 | I9: 116
A11: Жёлтым выделен вариант 1 (столбец B). Меняйте значения — график обновится.

Sheet Гистограмма варианта 1
A1: Вариант 1 — изменения выручки по периодам
A2: Гистограмма с накоплением по образцу рисунка 37
A4: Период | B4: Выручка | C4: Невидимая основа | D4: Рост | E4: Снижение
A5: 1 | B5: ='Исходные данные'!B4 -> 305 | C5: =B5 -> 305 | D5: =0 -> 0 | E5: =0 -> 0
A6: 2 | B6: ='Исходные данные'!B5 -> 450 | C6: =MIN(B5,B6) -> 305 | D6: =MAX(0,B6-B5) -> 145 | E6: =MAX(0,B5-B6) -> 0
A7: 3 | B7: ='Исходные данные'!B6 -> 720 | C7: =MIN(B6,B7) -> 450 | D7: =MAX(0,B7-B6) -> 270 | E7: =MAX(0,B6-B7) -> 0
A8: 4 | B8: ='Исходные данные'!B7 -> 498 | C8: =MIN(B7,B8) -> 498 | D8: =MAX(0,B8-B7) -> 0 | E8: =MAX(0,B7-B8) -> 222
A9: 5 | B9: ='Исходные данные'!B8 -> 307 | C9: =MIN(B8,B9) -> 307 | D9: =MAX(0,B9-B8) -> 0 | E9: =MAX(0,B8-B9) -> 191
A10: 6 | B10: ='Исходные данные'!B9 -> 415 | C10: =MIN(B9,B10) -> 307 | D10: =MAX(0,B10-B9) -> 108 | E10: =MAX(0,B9-B10) -> 0
A12: Принцип: | B12: Невидимая основа + рост/снижение дают плавающие столбцы, как на рисунке 37.
A13: Обновление: | B13: Изменяйте жёлтые значения на листе «Исходные данные» → диаграмма пересчитывается.

Sheet Пояснения
A1: Задание 3
A3: Вариант | B3: 1 (общая колонка 1 и 11)
A4: Тип | B4: Гистограмма с накоплением (столбцы с невидимой базой)
A5: Изменения | B5: Рост — синий, снижение — красный
A6: Редактирование | B6: Введите новые значения выручки в столбец B на листе «Исходные данные»
A7: Проверка | B7: Используется 6 периодов; первому периоду соответствует начальный уровень без столбца изменений
A9: Примечание | B9: Рис. 37 показывает изменения от предыдущего уровня; диаграмма повторяет этот приём.
